-- phpMyAdmin SQL Dump
-- version 5.1.1
-- https://www.phpmyadmin.net/
--
-- Máy chủ: 127.0.0.1
-- Thời gian đã tạo: Th8 06, 2021 lúc 05:40 AM
-- Phiên bản máy phục vụ: 10.4.20-MariaDB
-- Phiên bản PHP: 7.3.29

SET SQL_MODE = "NO_AUTO_VALUE_ON_ZERO";
START TRANSACTION;
SET time_zone = "+00:00";


/*!40101 SET @OLD_CHARACTER_SET_CLIENT=@@CHARACTER_SET_CLIENT */;
/*!40101 SET @OLD_CHARACTER_SET_RESULTS=@@CHARACTER_SET_RESULTS */;
/*!40101 SET @OLD_COLLATION_CONNECTION=@@COLLATION_CONNECTION */;
/*!40101 SET NAMES utf8mb4 */;

--
-- Cơ sở dữ liệu: `salon`
--

-- --------------------------------------------------------

--
-- Cấu trúc bảng cho bảng `address`
--

CREATE TABLE `address` (
  `id` int(11) NOT NULL,
  `address` varchar(256) NOT NULL COMMENT 'Địa chỉ',
  `hotline` varchar(256) NOT NULL COMMENT 'Số điện thoại'
) ENGINE=InnoDB DEFAULT CHARSET=utf8;

--
-- Đang đổ dữ liệu cho bảng `address`
--

INSERT INTO `address` (`id`, `address`, `hotline`) VALUES
(1, '96 Trần Đại Nghĩa - Hai Bà Trưng - Hà Nội', '0999888666'),
(2, '12 Minh Khai - Thanh Xuân - Hà Nội', '0999888666'),
(3, '32 Nguyễn Trãi - Thanh Xuân - Hà Nội', '0999888666');

-- --------------------------------------------------------

--
-- Cấu trúc bảng cho bảng `blog`
--

CREATE TABLE `blog` (
  `id` int(11) NOT NULL,
  `name` varchar(256) NOT NULL COMMENT 'Tiêu đề bài viết',
  `description` text NOT NULL COMMENT 'Nội dung bài viết',
  `image` varchar(256) NOT NULL COMMENT 'Ảnh tiêu đề',
  `created` date NOT NULL DEFAULT current_timestamp()
) ENGINE=InnoDB DEFAULT CHARSET=utf8;

--
-- Đang đổ dữ liệu cho bảng `blog`
--

INSERT INTO `blog` (`id`, `name`, `description`, `image`, `created`) VALUES
(1, 'Tranh luận “nóng” việc cách chức vị hiệu trưởng lương 500 triệu/tháng', '<p><span style=\"color: rgba(0, 0, 0, 0.9); font-family: &quot;Open Sans&quot;, sans-serif;\">Cụ thể, đại biểu Lê Thanh Vân chất vấn Phó Thủ tướng Vũ Đức Đam xung quanh sự việc “lùm xùm” tại Đại học Tôn Đức Thắng. “Việc cách chức Hiệu trưởng Tôn Đức Thắng (ông Lê Vinh Danh) của Tổng Liên đoàn Lao động Việt Nam có đúng thẩm quyền, theo quy định của luật Giáo dục đại học?” - ông Vân đặt câu hỏi.</span><img src=\"views/assets/images/blog/1627799288_bronya.jpg\" style=\"width: 728px;\" data-filename=\"bronya\"></p><p style=\"max-width: 680px; margin-right: auto; margin-bottom: 0px; margin-left: auto; color: rgba(0, 0, 0, 0.9); font-family: &quot;Open Sans&quot;, sans-serif;\">Trả lời chất vấn, Phó Thủ tướng Vũ Đức Đam khẳng định, liên quan đến chuyện tại Đại học Tôn Đức Thắng, Chính phủ ủng hộ mô hình tự chủ thực hiện ở đại học này. Theo quy định của luật Giáo dục thì Hội đồng trường là cơ quan quyền lực của trường đại học.</p><p style=\"max-width: 680px; margin-right: auto; margin-bottom: 0px; margin-left: auto; color: rgba(0, 0, 0, 0.9); font-family: &quot;Open Sans&quot;, sans-serif;\">Việc cách chức hiệu trưởng, như trường hợp ông Lê Vinh Danh, theo đó, phải được Hội đồng trường quyết định, sau đó sẽ báo cáo cơ quan chủ quản là Tổng Liên đoàn Lao động Việt Nam. Như vậy, khi có Hội đồng trường thì việc Tổng Liên đoàn Lao động Việt Nam đơn phương xử lý Hiệu trưởng đại học Tôn Đức Thắng mà không thông qua Hội đồng trường là không đúng luật.</p><p style=\"max-width: 680px; margin-right: auto; margin-bottom: 0px; margin-left: auto; color: rgba(0, 0, 0, 0.9); font-family: &quot;Open Sans&quot;, sans-serif;\">Tuy nhiên, Phó Thủ tướng Vũ Đức Đam giải thích, trường hợp kỷ luật ông Lê Vinh Danh có đặc thù là thời điểm đó, Hội đồng trường Đại học Tôn Đức Thắng đã hết nhiệm kỳ hoạt động, trong khi việc kiện toàn Hội đồng trường nhiệm kỳ mới của Tổng Liên đoàn chậm trễ. Vậy nên thời điểm kỷ luật Hiệu trưởng Lê Vinh Danh thì trường Tôn Đức Thắng đang không có Hội đồng trường.</p><p style=\"max-width: 680px; margin-right: auto; margin-bottom: 0px; margin-left: auto; color: rgba(0, 0, 0, 0.9); font-family: &quot;Open Sans&quot;, sans-serif;\">Chủ tịch Quốc hội nhắc, Phó Thủ tướng trả lời cụ thể Tổng Liên đoàn có thẩm quyền với việc kỷ luật Hiệu trưởng Đại học Tôn Đức Thắng hay không?<img src=\"views/assets/images/blog/1627799310_kasumi.jpeg\" style=\"width: 728px;\" data-filename=\"kasumi\"></p><p style=\"max-width: 680px; margin-right: auto; margin-bottom: 0px; margin-left: auto; color: rgba(0, 0, 0, 0.9); font-family: &quot;Open Sans&quot;, sans-serif;\">Phó Thủ tướng nhắc lại, theo luật Giáo dục Đại học thì việc kỷ luật không đúng thẩm quyền. Ông cho biết thêm, Chính phủ đã cử một Thứ trưởng Bộ Giáo dục và Đào tạo vào Đại học Tôn Đức Thắng làm việc, trước hết là kiện toàn Hội đồng trường theo đúng quy định của luật Giáo dục đại học để tháo gỡ, giải quyết vấn đề.</p><p style=\"max-width: 680px; margin-right: auto; margin-bottom: 0px; margin-left: auto; color: rgba(0, 0, 0, 0.9); font-family: &quot;Open Sans&quot;, sans-serif;\">“Trường Tôn đức thắng là mô hình tốt, có được một trường như vậy là điểm sáng của mô hình tự chủ đại học. Thành công của Đại học Tôn Đức Thắng có đóng góp của nhiều cơ quan, đơn vị như TPHCM, Tổng Liên đoàn Lao động Việt Nam, Hội đồng trường, trong đó có cả Hiệu trưởng trường. Còn việc xử lý kỷ luật cán bộ thì phải thực hiện theo luật Giáo dục đại học, luật Cán bộ công chức, viên chức và công tác cán bộ của Đảng” – Phó Thủ tướng Vũ Đức Đam nói.</p><p style=\"max-width: 680px; margin-right: auto; margin-bottom: 0px; margin-left: auto; color: rgba(0, 0, 0, 0.9); font-family: &quot;Open Sans&quot;, sans-serif;\">Giơ biển tranh luận với Phó Thủ tướng, đại biểu Lê Thanh Vân bày tỏ, ông tán thành vế trả lời thứ nhất của Phó Thủ tướng rằng, việc áp dụng pháp luật của Tổng Liên đoàn Lao động Việt Nam khi kỷ luật cách chức Hiệu trưởng Đại học Tôn Đức Thắng là sai. Tổng liên đoàn có quyền kỷ luật viên chức do mình quản lý nhưng thẩm quyền quyết định trong trường hợp này là thuộc Hội đồng trường Đại học Tôn Đức Thắng.</p><p style=\"max-width: 680px; margin-right: auto; margin-bottom: 0px; margin-left: auto; color: rgba(0, 0, 0, 0.9); font-family: &quot;Open Sans&quot;, sans-serif;\">Đại biểu đề nghị các cơ quan, bộ ngành có các đại học trực thuộc tôn trọng mô hình, quy định về tự chủ đại học vì đây là một chủ trương lớn, đúng đắn của nhà nước.<img src=\"views/assets/images/blog/1627799331_fischl.png\" style=\"width: 690px;\" data-filename=\"fischl\"></p><p style=\"max-width: 680px; margin-right: auto; margin-bottom: 0px; margin-left: auto; color: rgba(0, 0, 0, 0.9); font-family: &quot;Open Sans&quot;, sans-serif;\">Vấn đề chưa dừng lại, đại biểu Trần Thị Diệu Thuý – Chủ tịch Liên đoàn Lao động TPHCM trao đổi lại ý kiến đại biểu Lê Thanh Vân. Bà Thuý cho biết, là đại diện của liên đoàn lao động, từng tham gia Hội đồng trường Đại học Tôn Đức Thắng, bà nắm rõ sự việc xảy ra tại trường này.</p><p style=\"max-width: 680px; margin-right: auto; margin-bottom: 0px; margin-left: auto; color: rgba(0, 0, 0, 0.9); font-family: &quot;Open Sans&quot;, sans-serif;\">Theo bà Thuý, trường hợp Đại học Tôn Đức Thắng không có Hội đồng trường thì việc kỷ luật Hiệu trưởng do cơ quan chủ quản quyết định. Như vậy, việc Tổng Liên đoàn Lao động Việt Nam quyết định cách chức ông Lê Vinh Danh là đúng luật.</p><p style=\"max-width: 680px; margin-right: auto; margin-bottom: 0px; margin-left: auto; color: rgba(0, 0, 0, 0.9); font-family: &quot;Open Sans&quot;, sans-serif;\">Đại biểu cung cấp thông tin, về việc này, Tổng Liên đoàn Lao động Việt Nam cũng đã gửi văn bản hỏi Bộ Nội vụ. Văn bản trả lời của Bộ Nội vụ (số 4378 ngày 21/8/2020) nêu rõ, về thẩm quyền xử lý kỷ luật cán bộ công chức là người đứng đầu các trường đại học, đến nay do Đại học Tôn Đức Thắng chưa có hội đồng trường nên thẩm quyền tiến hành kỷ luật và ra quyết định kỷ luật đối với Hiệu trưởng đại học Tôn Đức Thắng là do Tổng Liên đoàn Lao động Việt Nam quyết định.</p><p style=\"max-width: 680px; margin-right: auto; margin-bottom: 0px; margin-left: auto; color: rgba(0, 0, 0, 0.9); font-family: &quot;Open Sans&quot;, sans-serif;\">Đại biểu Lê Thanh Vân đề nghị đại biểu Thuý đọc lại luật Giáo dục đại học. Ông Vân nhận định: “Văn bản nào cho Tổng Liên đoàn Lao động Việt Nam có quyền cách chức Hiệu trưởng Đại học Tôn Đức Thắng như thế thì cũng là trái luật. Nếu Bộ Nội vụ đồng ý cho Tổng Liên đoàn làm như vậy thì cũng vi phạm luật. Đề nghị Bộ trưởng Nội vụ giải trình tiếp vấn đề này”.</p><p style=\"max-width: 680px; margin-right: auto; margin-bottom: 0px; margin-left: auto; color: rgba(0, 0, 0, 0.9); font-family: &quot;Open Sans&quot;, sans-serif;\">Tuy nhiên, Chủ tịch Quốc hội đề nghị các đại biểu quan tâm sự việc cùng trao đổi riêng với các cơ quan, dành thời gian để các đại biểu khác tại phiên chất vấn.</p>', 'title/blog/1.jpg', '2021-08-01'),
(2, 'Tranh luận “nóng” việc cách chức vị hiệu trưởng lương 500 triệu/tháng', '<p>Cụ thể, đại biểu Lê Thanh Vân chất vấn Phó Thủ tướng Vũ Đức Đam xung quanh sự việc “lùm xùm” tại Đại học Tôn Đức Thắng. “Việc cách chức Hiệu trưởng Tôn Đức Thắng (ông Lê Vinh Danh) của Tổng Liên đoàn Lao động Việt Nam có đúng thẩm quyền, theo quy định của luật Giáo dục đại học?” - ông Vân đặt câu hỏi.</p><p><img src=\"views/assets/images/blog/1627799915_image.png\" style=\"width: 578px;\" data-filename=\"image\"></p><p>Trả lời chất vấn, Phó Thủ tướng Vũ Đức Đam khẳng định, liên quan đến chuyện tại Đại học Tôn Đức Thắng, Chính phủ ủng hộ mô hình tự chủ thực hiện ở đại học này. Theo quy định của luật Giáo dục thì Hội đồng trường là cơ quan quyền lực của trường đại học. Việc cách chức hiệu trưởng, như trường hợp ông Lê Vinh Danh, theo đó, phải được Hội đồng trường quyết định, sau đó sẽ báo cáo cơ quan chủ quản là Tổng Liên đoàn Lao động Việt Nam. Như vậy, khi có Hội đồng trường thì việc Tổng Liên đoàn Lao động Việt Nam đơn phương xử lý Hiệu trưởng đại học Tôn Đức Thắng mà không thông qua Hội đồng trường là không đúng luật. Tuy nhiên, Phó Thủ tướng Vũ Đức Đam giải thích, trường hợp kỷ luật ông Lê Vinh Danh có đặc thù là thời điểm đó, Hội đồng trường Đại học Tôn Đức Thắng đã hết nhiệm kỳ hoạt động, trong khi việc kiện toàn Hội đồng trường nhiệm kỳ mới của Tổng Liên đoàn chậm trễ. Vậy nên thời điểm kỷ luật Hiệu trưởng Lê Vinh Danh thì trường Tôn Đức Thắng đang không có Hội đồng trường. Chủ tịch Quốc hội nhắc, Phó Thủ tướng trả lời cụ thể Tổng Liên đoàn có thẩm quyền với việc kỷ luật Hiệu trưởng Đại học Tôn Đức Thắng hay không?</p><p><img src=\"views/assets/images/blog/1627799936_image.png\" style=\"width: 578px;\" data-filename=\"image\"></p><p>Phó Thủ tướng nhắc lại, theo luật Giáo dục Đại học thì việc kỷ luật không đúng thẩm quyền. Ông cho biết thêm, Chính phủ đã cử một Thứ trưởng Bộ Giáo dục và Đào tạo vào Đại học Tôn Đức Thắng làm việc, trước hết là kiện toàn Hội đồng trường theo đúng quy định của luật Giáo dục đại học để tháo gỡ, giải quyết vấn đề. “Trường Tôn đức thắng là mô hình tốt, có được một trường như vậy là điểm sáng của mô hình tự chủ đại học. Thành công của Đại học Tôn Đức Thắng có đóng góp của nhiều cơ quan, đơn vị như TPHCM, Tổng Liên đoàn Lao động Việt Nam, Hội đồng trường, trong đó có cả Hiệu trưởng trường. Còn việc xử lý kỷ luật cán bộ thì phải thực hiện theo luật Giáo dục đại học, luật Cán bộ công chức, viên chức và công tác cán bộ của Đảng” – Phó Thủ tướng Vũ Đức Đam nói. Giơ biển tranh luận với Phó Thủ tướng, đại biểu Lê Thanh Vân bày tỏ, ông tán thành vế trả lời thứ nhất của Phó Thủ tướng rằng, việc áp dụng pháp luật của Tổng Liên đoàn Lao động Việt Nam khi kỷ luật cách chức Hiệu trưởng Đại học Tôn Đức Thắng là sai. Tổng liên đoàn có quyền kỷ luật viên chức do mình quản lý nhưng thẩm quyền quyết định trong trường hợp này là thuộc Hội đồng trường Đại học Tôn Đức Thắng. Đại biểu đề nghị các cơ quan, bộ ngành có các đại học trực thuộc tôn trọng mô hình, quy định về tự chủ đại học vì đây là một chủ trương lớn, đúng đắn của nhà nước.</p><p><img src=\"views/assets/images/blog/1627799956_image.png\" style=\"width: 578px;\" data-filename=\"image\"></p><p style=\"color: rgba(0, 0, 0, 0.9); font-family: &quot;Open Sans&quot;, sans-serif; max-width: 680px; margin-right: auto; margin-bottom: 0px; margin-left: auto;\">Vấn đề chưa dừng lại, đại biểu Trần Thị Diệu Thuý – Chủ tịch Liên đoàn Lao động TPHCM trao đổi lại ý kiến đại biểu Lê Thanh Vân. Bà Thuý cho biết, là đại diện của liên đoàn lao động, từng tham gia Hội đồng trường Đại học Tôn Đức Thắng, bà nắm rõ sự việc xảy ra tại trường này.</p><p style=\"color: rgba(0, 0, 0, 0.9); font-family: &quot;Open Sans&quot;, sans-serif; max-width: 680px; margin-right: auto; margin-bottom: 0px; margin-left: auto;\">Theo bà Thuý, trường hợp Đại học Tôn Đức Thắng không có Hội đồng trường thì việc kỷ luật Hiệu trưởng do cơ quan chủ quản quyết định. Như vậy, việc Tổng Liên đoàn Lao động Việt Nam quyết định cách chức ông Lê Vinh Danh là đúng luật.</p><p style=\"color: rgba(0, 0, 0, 0.9); font-family: &quot;Open Sans&quot;, sans-serif; max-width: 680px; margin-right: auto; margin-bottom: 0px; margin-left: auto;\">Đại biểu cung cấp thông tin, về việc này, Tổng Liên đoàn Lao động Việt Nam cũng đã gửi văn bản hỏi Bộ Nội vụ. Văn bản trả lời của Bộ Nội vụ (số 4378 ngày 21/8/2020) nêu rõ, về thẩm quyền xử lý kỷ luật cán bộ công chức là người đứng đầu các trường đại học, đến nay do Đại học Tôn Đức Thắng chưa có hội đồng trường nên thẩm quyền tiến hành kỷ luật và ra quyết định kỷ luật đối với Hiệu trưởng đại học Tôn Đức Thắng là do Tổng Liên đoàn Lao động Việt Nam quyết định.</p><p style=\"color: rgba(0, 0, 0, 0.9); font-family: &quot;Open Sans&quot;, sans-serif; max-width: 680px; margin-right: auto; margin-bottom: 0px; margin-left: auto;\">Đại biểu Lê Thanh Vân đề nghị đại biểu Thuý đọc lại luật Giáo dục đại học. Ông Vân nhận định: “Văn bản nào cho Tổng Liên đoàn Lao động Việt Nam có quyền cách chức Hiệu trưởng Đại học Tôn Đức Thắng như thế thì cũng là trái luật. Nếu Bộ Nội vụ đồng ý cho Tổng Liên đoàn làm như vậy thì cũng vi phạm luật. Đề nghị Bộ trưởng Nội vụ giải trình tiếp vấn đề này”.</p><p style=\"color: rgba(0, 0, 0, 0.9); font-family: &quot;Open Sans&quot;, sans-serif; max-width: 680px; margin-right: auto; margin-bottom: 0px; margin-left: auto;\">Tuy nhiên, Chủ tịch Quốc hội đề nghị các đại biểu quan tâm sự việc cùng trao đổi riêng với các cơ quan, dành thời gian để các đại biểu khác tại phiên chất vấn.</p>', 'title/blog/2.jpg', '2021-08-01'),
(3, 'Tranh luận “nóng” việc cách chức vị hiệu trưởng lương 500 triệu/tháng', '<p>Cụ thể, đại biểu Lê Thanh Vân chất vấn Phó Thủ tướng Vũ Đức Đam xung quanh sự việc “lùm xùm” tại Đại học Tôn Đức Thắng. “Việc cách chức Hiệu trưởng Tôn Đức Thắng (ông Lê Vinh Danh) của Tổng Liên đoàn Lao động Việt Nam có đúng thẩm quyền, theo quy định của luật Giáo dục đại học?” - ông Vân đặt câu hỏi.</p><p><img src=\"views/assets/images/blog/1627799915_image.png\" style=\"width: 578px;\" data-filename=\"image\"></p><p>Trả lời chất vấn, Phó Thủ tướng Vũ Đức Đam khẳng định, liên quan đến chuyện tại Đại học Tôn Đức Thắng, Chính phủ ủng hộ mô hình tự chủ thực hiện ở đại học này. Theo quy định của luật Giáo dục thì Hội đồng trường là cơ quan quyền lực của trường đại học. Việc cách chức hiệu trưởng, như trường hợp ông Lê Vinh Danh, theo đó, phải được Hội đồng trường quyết định, sau đó sẽ báo cáo cơ quan chủ quản là Tổng Liên đoàn Lao động Việt Nam. Như vậy, khi có Hội đồng trường thì việc Tổng Liên đoàn Lao động Việt Nam đơn phương xử lý Hiệu trưởng đại học Tôn Đức Thắng mà không thông qua Hội đồng trường là không đúng luật. Tuy nhiên, Phó Thủ tướng Vũ Đức Đam giải thích, trường hợp kỷ luật ông Lê Vinh Danh có đặc thù là thời điểm đó, Hội đồng trường Đại học Tôn Đức Thắng đã hết nhiệm kỳ hoạt động, trong khi việc kiện toàn Hội đồng trường nhiệm kỳ mới của Tổng Liên đoàn chậm trễ. Vậy nên thời điểm kỷ luật Hiệu trưởng Lê Vinh Danh thì trường Tôn Đức Thắng đang không có Hội đồng trường. Chủ tịch Quốc hội nhắc, Phó Thủ tướng trả lời cụ thể Tổng Liên đoàn có thẩm quyền với việc kỷ luật Hiệu trưởng Đại học Tôn Đức Thắng hay không?</p><p><img src=\"views/assets/images/blog/1627799936_image.png\" style=\"width: 578px;\" data-filename=\"image\"></p><p>Phó Thủ tướng nhắc lại, theo luật Giáo dục Đại học thì việc kỷ luật không đúng thẩm quyền. Ông cho biết thêm, Chính phủ đã cử một Thứ trưởng Bộ Giáo dục và Đào tạo vào Đại học Tôn Đức Thắng làm việc, trước hết là kiện toàn Hội đồng trường theo đúng quy định của luật Giáo dục đại học để tháo gỡ, giải quyết vấn đề. “Trường Tôn đức thắng là mô hình tốt, có được một trường như vậy là điểm sáng của mô hình tự chủ đại học. Thành công của Đại học Tôn Đức Thắng có đóng góp của nhiều cơ quan, đơn vị như TPHCM, Tổng Liên đoàn Lao động Việt Nam, Hội đồng trường, trong đó có cả Hiệu trưởng trường. Còn việc xử lý kỷ luật cán bộ thì phải thực hiện theo luật Giáo dục đại học, luật Cán bộ công chức, viên chức và công tác cán bộ của Đảng” – Phó Thủ tướng Vũ Đức Đam nói. Giơ biển tranh luận với Phó Thủ tướng, đại biểu Lê Thanh Vân bày tỏ, ông tán thành vế trả lời thứ nhất của Phó Thủ tướng rằng, việc áp dụng pháp luật của Tổng Liên đoàn Lao động Việt Nam khi kỷ luật cách chức Hiệu trưởng Đại học Tôn Đức Thắng là sai. Tổng liên đoàn có quyền kỷ luật viên chức do mình quản lý nhưng thẩm quyền quyết định trong trường hợp này là thuộc Hội đồng trường Đại học Tôn Đức Thắng. Đại biểu đề nghị các cơ quan, bộ ngành có các đại học trực thuộc tôn trọng mô hình, quy định về tự chủ đại học vì đây là một chủ trương lớn, đúng đắn của nhà nước.</p><p><img src=\"views/assets/images/blog/1627799956_image.png\" style=\"width: 578px;\" data-filename=\"image\"></p><p style=\"color: rgba(0, 0, 0, 0.9); font-family: &quot;Open Sans&quot;, sans-serif; max-width: 680px; margin-right: auto; margin-bottom: 0px; margin-left: auto;\">Vấn đề chưa dừng lại, đại biểu Trần Thị Diệu Thuý – Chủ tịch Liên đoàn Lao động TPHCM trao đổi lại ý kiến đại biểu Lê Thanh Vân. Bà Thuý cho biết, là đại diện của liên đoàn lao động, từng tham gia Hội đồng trường Đại học Tôn Đức Thắng, bà nắm rõ sự việc xảy ra tại trường này.</p><p style=\"color: rgba(0, 0, 0, 0.9); font-family: &quot;Open Sans&quot;, sans-serif; max-width: 680px; margin-right: auto; margin-bottom: 0px; margin-left: auto;\">Theo bà Thuý, trường hợp Đại học Tôn Đức Thắng không có Hội đồng trường thì việc kỷ luật Hiệu trưởng do cơ quan chủ quản quyết định. Như vậy, việc Tổng Liên đoàn Lao động Việt Nam quyết định cách chức ông Lê Vinh Danh là đúng luật.</p><p style=\"color: rgba(0, 0, 0, 0.9); font-family: &quot;Open Sans&quot;, sans-serif; max-width: 680px; margin-right: auto; margin-bottom: 0px; margin-left: auto;\">Đại biểu cung cấp thông tin, về việc này, Tổng Liên đoàn Lao động Việt Nam cũng đã gửi văn bản hỏi Bộ Nội vụ. Văn bản trả lời của Bộ Nội vụ (số 4378 ngày 21/8/2020) nêu rõ, về thẩm quyền xử lý kỷ luật cán bộ công chức là người đứng đầu các trường đại học, đến nay do Đại học Tôn Đức Thắng chưa có hội đồng trường nên thẩm quyền tiến hành kỷ luật và ra quyết định kỷ luật đối với Hiệu trưởng đại học Tôn Đức Thắng là do Tổng Liên đoàn Lao động Việt Nam quyết định.</p><p style=\"color: rgba(0, 0, 0, 0.9); font-family: &quot;Open Sans&quot;, sans-serif; max-width: 680px; margin-right: auto; margin-bottom: 0px; margin-left: auto;\">Đại biểu Lê Thanh Vân đề nghị đại biểu Thuý đọc lại luật Giáo dục đại học. Ông Vân nhận định: “Văn bản nào cho Tổng Liên đoàn Lao động Việt Nam có quyền cách chức Hiệu trưởng Đại học Tôn Đức Thắng như thế thì cũng là trái luật. Nếu Bộ Nội vụ đồng ý cho Tổng Liên đoàn làm như vậy thì cũng vi phạm luật. Đề nghị Bộ trưởng Nội vụ giải trình tiếp vấn đề này”.</p><p style=\"color: rgba(0, 0, 0, 0.9); font-family: &quot;Open Sans&quot;, sans-serif; max-width: 680px; margin-right: auto; margin-bottom: 0px; margin-left: auto;\">Tuy nhiên, Chủ tịch Quốc hội đề nghị các đại biểu quan tâm sự việc cùng trao đổi riêng với các cơ quan, dành thời gian để các đại biểu khác tại phiên chất vấn.</p>', 'title/blog/3.jpg', '2021-08-01'),
(4, 'Tranh luận “nóng” việc cách chức vị hiệu trưởng lương 500 triệu/tháng', '<p>Cụ thể, đại biểu Lê Thanh Vân chất vấn Phó Thủ tướng Vũ Đức Đam xung quanh sự việc “lùm xùm” tại Đại học Tôn Đức Thắng. “Việc cách chức Hiệu trưởng Tôn Đức Thắng (ông Lê Vinh Danh) của Tổng Liên đoàn Lao động Việt Nam có đúng thẩm quyền, theo quy định của luật Giáo dục đại học?” - ông Vân đặt câu hỏi.</p><p><img src=\"views/assets/images/blog/1627799915_image.png\" style=\"width: 578px;\" data-filename=\"image\"></p><p>Trả lời chất vấn, Phó Thủ tướng Vũ Đức Đam khẳng định, liên quan đến chuyện tại Đại học Tôn Đức Thắng, Chính phủ ủng hộ mô hình tự chủ thực hiện ở đại học này. Theo quy định của luật Giáo dục thì Hội đồng trường là cơ quan quyền lực của trường đại học. Việc cách chức hiệu trưởng, như trường hợp ông Lê Vinh Danh, theo đó, phải được Hội đồng trường quyết định, sau đó sẽ báo cáo cơ quan chủ quản là Tổng Liên đoàn Lao động Việt Nam. Như vậy, khi có Hội đồng trường thì việc Tổng Liên đoàn Lao động Việt Nam đơn phương xử lý Hiệu trưởng đại học Tôn Đức Thắng mà không thông qua Hội đồng trường là không đúng luật. Tuy nhiên, Phó Thủ tướng Vũ Đức Đam giải thích, trường hợp kỷ luật ông Lê Vinh Danh có đặc thù là thời điểm đó, Hội đồng trường Đại học Tôn Đức Thắng đã hết nhiệm kỳ hoạt động, trong khi việc kiện toàn Hội đồng trường nhiệm kỳ mới của Tổng Liên đoàn chậm trễ. Vậy nên thời điểm kỷ luật Hiệu trưởng Lê Vinh Danh thì trường Tôn Đức Thắng đang không có Hội đồng trường. Chủ tịch Quốc hội nhắc, Phó Thủ tướng trả lời cụ thể Tổng Liên đoàn có thẩm quyền với việc kỷ luật Hiệu trưởng Đại học Tôn Đức Thắng hay không?</p><p><img src=\"views/assets/images/blog/1627799936_image.png\" style=\"width: 578px;\" data-filename=\"image\"></p><p>Phó Thủ tướng nhắc lại, theo luật Giáo dục Đại học thì việc kỷ luật không đúng thẩm quyền. Ông cho biết thêm, Chính phủ đã cử một Thứ trưởng Bộ Giáo dục và Đào tạo vào Đại học Tôn Đức Thắng làm việc, trước hết là kiện toàn Hội đồng trường theo đúng quy định của luật Giáo dục đại học để tháo gỡ, giải quyết vấn đề. “Trường Tôn đức thắng là mô hình tốt, có được một trường như vậy là điểm sáng của mô hình tự chủ đại học. Thành công của Đại học Tôn Đức Thắng có đóng góp của nhiều cơ quan, đơn vị như TPHCM, Tổng Liên đoàn Lao động Việt Nam, Hội đồng trường, trong đó có cả Hiệu trưởng trường. Còn việc xử lý kỷ luật cán bộ thì phải thực hiện theo luật Giáo dục đại học, luật Cán bộ công chức, viên chức và công tác cán bộ của Đảng” – Phó Thủ tướng Vũ Đức Đam nói. Giơ biển tranh luận với Phó Thủ tướng, đại biểu Lê Thanh Vân bày tỏ, ông tán thành vế trả lời thứ nhất của Phó Thủ tướng rằng, việc áp dụng pháp luật của Tổng Liên đoàn Lao động Việt Nam khi kỷ luật cách chức Hiệu trưởng Đại học Tôn Đức Thắng là sai. Tổng liên đoàn có quyền kỷ luật viên chức do mình quản lý nhưng thẩm quyền quyết định trong trường hợp này là thuộc Hội đồng trường Đại học Tôn Đức Thắng. Đại biểu đề nghị các cơ quan, bộ ngành có các đại học trực thuộc tôn trọng mô hình, quy định về tự chủ đại học vì đây là một chủ trương lớn, đúng đắn của nhà nước.</p><p><img src=\"views/assets/images/blog/1627799956_image.png\" style=\"width: 578px;\" data-filename=\"image\"></p><p style=\"color: rgba(0, 0, 0, 0.9); font-family: &quot;Open Sans&quot;, sans-serif; max-width: 680px; margin-right: auto; margin-bottom: 0px; margin-left: auto;\">Vấn đề chưa dừng lại, đại biểu Trần Thị Diệu Thuý – Chủ tịch Liên đoàn Lao động TPHCM trao đổi lại ý kiến đại biểu Lê Thanh Vân. Bà Thuý cho biết, là đại diện của liên đoàn lao động, từng tham gia Hội đồng trường Đại học Tôn Đức Thắng, bà nắm rõ sự việc xảy ra tại trường này.</p><p style=\"color: rgba(0, 0, 0, 0.9); font-family: &quot;Open Sans&quot;, sans-serif; max-width: 680px; margin-right: auto; margin-bottom: 0px; margin-left: auto;\">Theo bà Thuý, trường hợp Đại học Tôn Đức Thắng không có Hội đồng trường thì việc kỷ luật Hiệu trưởng do cơ quan chủ quản quyết định. Như vậy, việc Tổng Liên đoàn Lao động Việt Nam quyết định cách chức ông Lê Vinh Danh là đúng luật.</p><p style=\"color: rgba(0, 0, 0, 0.9); font-family: &quot;Open Sans&quot;, sans-serif; max-width: 680px; margin-right: auto; margin-bottom: 0px; margin-left: auto;\">Đại biểu cung cấp thông tin, về việc này, Tổng Liên đoàn Lao động Việt Nam cũng đã gửi văn bản hỏi Bộ Nội vụ. Văn bản trả lời của Bộ Nội vụ (số 4378 ngày 21/8/2020) nêu rõ, về thẩm quyền xử lý kỷ luật cán bộ công chức là người đứng đầu các trường đại học, đến nay do Đại học Tôn Đức Thắng chưa có hội đồng trường nên thẩm quyền tiến hành kỷ luật và ra quyết định kỷ luật đối với Hiệu trưởng đại học Tôn Đức Thắng là do Tổng Liên đoàn Lao động Việt Nam quyết định.</p><p style=\"color: rgba(0, 0, 0, 0.9); font-family: &quot;Open Sans&quot;, sans-serif; max-width: 680px; margin-right: auto; margin-bottom: 0px; margin-left: auto;\">Đại biểu Lê Thanh Vân đề nghị đại biểu Thuý đọc lại luật Giáo dục đại học. Ông Vân nhận định: “Văn bản nào cho Tổng Liên đoàn Lao động Việt Nam có quyền cách chức Hiệu trưởng Đại học Tôn Đức Thắng như thế thì cũng là trái luật. Nếu Bộ Nội vụ đồng ý cho Tổng Liên đoàn làm như vậy thì cũng vi phạm luật. Đề nghị Bộ trưởng Nội vụ giải trình tiếp vấn đề này”.</p><p style=\"color: rgba(0, 0, 0, 0.9); font-family: &quot;Open Sans&quot;, sans-serif; max-width: 680px; margin-right: auto; margin-bottom: 0px; margin-left: auto;\">Tuy nhiên, Chủ tịch Quốc hội đề nghị các đại biểu quan tâm sự việc cùng trao đổi riêng với các cơ quan, dành thời gian để các đại biểu khác tại phiên chất vấn.</p>', 'title/blog/4.jpg', '2021-08-01'),
(5, 'Tranh luận “nóng” việc cách chức vị hiệu trưởng lương 500 triệu/tháng', '<p>Cụ thể, đại biểu Lê Thanh Vân chất vấn Phó Thủ tướng Vũ Đức Đam xung quanh sự việc “lùm xùm” tại Đại học Tôn Đức Thắng. “Việc cách chức Hiệu trưởng Tôn Đức Thắng (ông Lê Vinh Danh) của Tổng Liên đoàn Lao động Việt Nam có đúng thẩm quyền, theo quy định của luật Giáo dục đại học?” - ông Vân đặt câu hỏi.</p><p><img src=\"views/assets/images/blog/1627799915_image.png\" style=\"width: 578px;\" data-filename=\"image\"></p><p>Trả lời chất vấn, Phó Thủ tướng Vũ Đức Đam khẳng định, liên quan đến chuyện tại Đại học Tôn Đức Thắng, Chính phủ ủng hộ mô hình tự chủ thực hiện ở đại học này. Theo quy định của luật Giáo dục thì Hội đồng trường là cơ quan quyền lực của trường đại học. Việc cách chức hiệu trưởng, như trường hợp ông Lê Vinh Danh, theo đó, phải được Hội đồng trường quyết định, sau đó sẽ báo cáo cơ quan chủ quản là Tổng Liên đoàn Lao động Việt Nam. Như vậy, khi có Hội đồng trường thì việc Tổng Liên đoàn Lao động Việt Nam đơn phương xử lý Hiệu trưởng đại học Tôn Đức Thắng mà không thông qua Hội đồng trường là không đúng luật. Tuy nhiên, Phó Thủ tướng Vũ Đức Đam giải thích, trường hợp kỷ luật ông Lê Vinh Danh có đặc thù là thời điểm đó, Hội đồng trường Đại học Tôn Đức Thắng đã hết nhiệm kỳ hoạt động, trong khi việc kiện toàn Hội đồng trường nhiệm kỳ mới của Tổng Liên đoàn chậm trễ. Vậy nên thời điểm kỷ luật Hiệu trưởng Lê Vinh Danh thì trường Tôn Đức Thắng đang không có Hội đồng trường. Chủ tịch Quốc hội nhắc, Phó Thủ tướng trả lời cụ thể Tổng Liên đoàn có thẩm quyền với việc kỷ luật Hiệu trưởng Đại học Tôn Đức Thắng hay không?</p><p><img src=\"views/assets/images/blog/1627799936_image.png\" style=\"width: 578px;\" data-filename=\"image\"></p><p>Phó Thủ tướng nhắc lại, theo luật Giáo dục Đại học thì việc kỷ luật không đúng thẩm quyền. Ông cho biết thêm, Chính phủ đã cử một Thứ trưởng Bộ Giáo dục và Đào tạo vào Đại học Tôn Đức Thắng làm việc, trước hết là kiện toàn Hội đồng trường theo đúng quy định của luật Giáo dục đại học để tháo gỡ, giải quyết vấn đề. “Trường Tôn đức thắng là mô hình tốt, có được một trường như vậy là điểm sáng của mô hình tự chủ đại học. Thành công của Đại học Tôn Đức Thắng có đóng góp của nhiều cơ quan, đơn vị như TPHCM, Tổng Liên đoàn Lao động Việt Nam, Hội đồng trường, trong đó có cả Hiệu trưởng trường. Còn việc xử lý kỷ luật cán bộ thì phải thực hiện theo luật Giáo dục đại học, luật Cán bộ công chức, viên chức và công tác cán bộ của Đảng” – Phó Thủ tướng Vũ Đức Đam nói. Giơ biển tranh luận với Phó Thủ tướng, đại biểu Lê Thanh Vân bày tỏ, ông tán thành vế trả lời thứ nhất của Phó Thủ tướng rằng, việc áp dụng pháp luật của Tổng Liên đoàn Lao động Việt Nam khi kỷ luật cách chức Hiệu trưởng Đại học Tôn Đức Thắng là sai. Tổng liên đoàn có quyền kỷ luật viên chức do mình quản lý nhưng thẩm quyền quyết định trong trường hợp này là thuộc Hội đồng trường Đại học Tôn Đức Thắng. Đại biểu đề nghị các cơ quan, bộ ngành có các đại học trực thuộc tôn trọng mô hình, quy định về tự chủ đại học vì đây là một chủ trương lớn, đúng đắn của nhà nước.</p><p><img src=\"views/assets/images/blog/1627799956_image.png\" style=\"width: 578px;\" data-filename=\"image\"></p><p style=\"color: rgba(0, 0, 0, 0.9); font-family: &quot;Open Sans&quot;, sans-serif; max-width: 680px; margin-right: auto; margin-bottom: 0px; margin-left: auto;\">Vấn đề chưa dừng lại, đại biểu Trần Thị Diệu Thuý – Chủ tịch Liên đoàn Lao động TPHCM trao đổi lại ý kiến đại biểu Lê Thanh Vân. Bà Thuý cho biết, là đại diện của liên đoàn lao động, từng tham gia Hội đồng trường Đại học Tôn Đức Thắng, bà nắm rõ sự việc xảy ra tại trường này.</p><p style=\"color: rgba(0, 0, 0, 0.9); font-family: &quot;Open Sans&quot;, sans-serif; max-width: 680px; margin-right: auto; margin-bottom: 0px; margin-left: auto;\">Theo bà Thuý, trường hợp Đại học Tôn Đức Thắng không có Hội đồng trường thì việc kỷ luật Hiệu trưởng do cơ quan chủ quản quyết định. Như vậy, việc Tổng Liên đoàn Lao động Việt Nam quyết định cách chức ông Lê Vinh Danh là đúng luật.</p><p style=\"color: rgba(0, 0, 0, 0.9); font-family: &quot;Open Sans&quot;, sans-serif; max-width: 680px; margin-right: auto; margin-bottom: 0px; margin-left: auto;\">Đại biểu cung cấp thông tin, về việc này, Tổng Liên đoàn Lao động Việt Nam cũng đã gửi văn bản hỏi Bộ Nội vụ. Văn bản trả lời của Bộ Nội vụ (số 4378 ngày 21/8/2020) nêu rõ, về thẩm quyền xử lý kỷ luật cán bộ công chức là người đứng đầu các trường đại học, đến nay do Đại học Tôn Đức Thắng chưa có hội đồng trường nên thẩm quyền tiến hành kỷ luật và ra quyết định kỷ luật đối với Hiệu trưởng đại học Tôn Đức Thắng là do Tổng Liên đoàn Lao động Việt Nam quyết định.</p><p style=\"color: rgba(0, 0, 0, 0.9); font-family: &quot;Open Sans&quot;, sans-serif; max-width: 680px; margin-right: auto; margin-bottom: 0px; margin-left: auto;\">Đại biểu Lê Thanh Vân đề nghị đại biểu Thuý đọc lại luật Giáo dục đại học. Ông Vân nhận định: “Văn bản nào cho Tổng Liên đoàn Lao động Việt Nam có quyền cách chức Hiệu trưởng Đại học Tôn Đức Thắng như thế thì cũng là trái luật. Nếu Bộ Nội vụ đồng ý cho Tổng Liên đoàn làm như vậy thì cũng vi phạm luật. Đề nghị Bộ trưởng Nội vụ giải trình tiếp vấn đề này”.</p><p style=\"color: rgba(0, 0, 0, 0.9); font-family: &quot;Open Sans&quot;, sans-serif; max-width: 680px; margin-right: auto; margin-bottom: 0px; margin-left: auto;\">Tuy nhiên, Chủ tịch Quốc hội đề nghị các đại biểu quan tâm sự việc cùng trao đổi riêng với các cơ quan, dành thời gian để các đại biểu khác tại phiên chất vấn.</p>', 'title/blog/5.jpg', '2021-08-01'),
(6, 'Lorem ipsum dolor sit amet consectetur adipisicing elit.', '<p style=\"width: 700px; color: rgba(0, 0, 0, 0.9); font-family: &quot;Open Sans&quot;, sans-serif;\">Lorem ipsum dolor sit amet consectetur adipisicing elit. Corporis rerum dicta alias laboriosam labore iure saepe necessitatibus officiis officia, nisi obcaecati quibusdam nemo dolorum. Necessitatibus quaerat pariatur incidunt iure temporibus.Lorem, ipsum dolor sit amet consectetur adipisicing elit. Atque repudiandae dicta similique repellendus sequi qui labore facere expedita at excepturi quam, eum reiciendis! Perspiciatis, voluptas voluptate. Eos omnis aut et?Lorem, ipsum dolor sit amet consectetur adipisicing elit. Atque repudiandae dicta similique repellendus sequi qui labore facere expedita at excepturi quam, eum reiciendis! Perspiciatis, voluptas voluptate.</p><p><img src=\"https://localhost/salon/views/assets/images/durandal.jpg\" style=\"width: 700px; color: rgba(0, 0, 0, 0.9); font-family: &quot;Open Sans&quot;, sans-serif;\"><span style=\"color: rgba(0, 0, 0, 0.9); font-family: &quot;Open Sans&quot;, sans-serif;\"></span></p><p style=\"width: 700px; color: rgba(0, 0, 0, 0.9); font-family: &quot;Open Sans&quot;, sans-serif;\">Eos omnis aut et?Lorem, ipsum dolor sit amet consectetur adipisicing elit. Atque repudiandae dicta similique repellendus sequi qui labore facere expedita at excepturi quam, eum reiciendis! Perspiciatis, voluptas voluptate.</p><p style=\"width: 700px; color: rgba(0, 0, 0, 0.9); font-family: &quot;Open Sans&quot;, sans-serif;\">Eos omnis aut et?Lorem, ipsum dolor sit amet consectetur adipisicing elit. Atque repudiandae dicta similique repellendus sequi qui labore facere expedita at excepturi quam, eum reiciendis! Perspiciatis, voluptas voluptate. Eos omnis aut et?Lorem, ipsum dolor sit amet consectetur adipisicing elit. Atque repudiandae dicta similique repellendus sequi qui labore facere expedita at excepturi quam, eum reiciendis! Perspiciatis, voluptas voluptate. Eos omnis aut et?</p>', 'title/blog/1627810920_2.jpg', '2021-08-01'),
(7, 'combo auto gái nhìn cái đổ 100k', '<p style=\"width: 800px; color: rgba(0, 0, 0, 0.9); font-family: &quot;Open Sans&quot;, sans-serif;\">Lorem ipsum dolor sit amet consectetur adipisicing elit. Corporis rerum dicta alias laboriosam labore iure saepe necessitatibus officiis officia, nisi obcaecati quibusdam nemo dolorum. Necessitatibus quaerat pariatur incidunt iure temporibus.Lorem, ipsum dolor sit amet consectetur adipisicing elit. Atque repudiandae dicta similique repellendus sequi qui labore facere expedita at excepturi quam, eum reiciendis! Perspiciatis, voluptas voluptate. Eos omnis aut et?Lorem, ipsum dolor sit amet consectetur adipisicing elit. Atque repudiandae dicta similique repellendus sequi qui labore facere expedita at excepturi quam, eum reiciendis! Perspiciatis, voluptas voluptate.</p><p><img src=\"https://localhost/salon/views/assets/images/mei.jpg\" style=\"width: 800px; color: rgba(0, 0, 0, 0.9); font-family: &quot;Open Sans&quot;, sans-serif;\"><span style=\"color: rgba(0, 0, 0, 0.9); font-family: &quot;Open Sans&quot;, sans-serif;\"></span></p><p style=\"width: 800px; color: rgba(0, 0, 0, 0.9); font-family: &quot;Open Sans&quot;, sans-serif;\">Eos omnis aut et?Lorem, ipsum dolor sit amet consectetur adipisicing elit. Atque repudiandae dicta similique repellendus sequi qui labore facere expedita at excepturi quam, eum reiciendis! Perspiciatis, voluptas voluptate.</p><p style=\"width: 800px; color: rgba(0, 0, 0, 0.9); font-family: &quot;Open Sans&quot;, sans-serif;\">Eos omnis aut et?Lorem, ipsum dolor sit amet consectetur adipisicing elit. Atque repudiandae dicta similique repellendus sequi qui labore facere expedita at excepturi quam, eum reiciendis! Perspiciatis, voluptas voluptate. Eos omnis aut et?Lorem, ipsum dolor sit amet consectetur adipisicing elit. Atque repudiandae dicta similique repellendus sequi qui labore facere expedita at excepturi quam, eum reiciendis! Perspiciatis, voluptas voluptate. Eos omnis aut et?</p>', 'title/blog/1628001479_6.jpg', '2021-08-03'),
(8, 'Lorem ipsum dolor sit amet consectetur.', '<p><br></p>', 'title/blog/1628068676_11.jpg', '2021-08-04');

-- --------------------------------------------------------

--
-- Cấu trúc bảng cho bảng `category`
--

CREATE TABLE `category` (
  `id` int(11) NOT NULL,
  `name` varchar(256) NOT NULL COMMENT 'Loại dịch vụ'
) ENGINE=InnoDB DEFAULT CHARSET=utf8;

--
-- Đang đổ dữ liệu cho bảng `category`
--

INSERT INTO `category` (`id`, `name`) VALUES
(1, 'combo'),
(2, 'uốn'),
(3, 'nhuộm'),
(4, 'cắt tỉa'),
(5, 'chăm sóc da'),
(6, 'dịch vụ khác');

-- --------------------------------------------------------

--
-- Cấu trúc bảng cho bảng `order`
--

CREATE TABLE `order` (
  `id` int(11) NOT NULL,
  `id_address` int(11) NOT NULL COMMENT 'Địa chỉ salon',
  `name` varchar(256) NOT NULL COMMENT 'Tên khách hàng',
  `number_phone` varchar(256) NOT NULL COMMENT 'Số điện thoại',
  `date` date NOT NULL COMMENT 'Ngày hẹn',
  `time` time NOT NULL COMMENT 'Giờ hẹn',
  `note` varchar(256) NOT NULL COMMENT 'Ghi chú'
) ENGINE=InnoDB DEFAULT CHARSET=utf8;

--
-- Đang đổ dữ liệu cho bảng `order`
--

INSERT INTO `order` (`id`, `id_address`, `name`, `number_phone`, `date`, `time`, `note`) VALUES
(3, 2, 'Nguyễn Quốc Trường', '0355899948', '2021-08-08', '17:00:00', 'Hello Salon'),
(4, 1, 'Trần Thị Huyền', '0355899948', '2021-08-08', '17:00:00', 'hello'),
(5, 1, 'Lê Thu Hoài', '0355899948', '2021-08-21', '04:55:00', ''),
(6, 2, 'Trần Khánh Linh', '0366666666', '2021-08-27', '18:16:00', ''),
(7, 1, 'Nguyễn Bảo Vy', '0366666666', '2021-08-14', '22:30:00', ''),
(8, 1, 'Trần Khánh Linh', '0366666666', '2021-08-20', '16:19:00', ''),
(12, 1, 'Nguyễn Văn Nam', '0366666666', '2021-08-07', '13:56:00', ''),
(13, 1, 'Trần Khánh Linh', '0366666666', '2021-08-07', '00:18:00', ''),
(14, 2, 'Nguyễn Bảo Vy', '0366666666', '2021-08-06', '00:35:00', '');

-- --------------------------------------------------------

--
-- Cấu trúc bảng cho bảng `order-details`
--

CREATE TABLE `order-details` (
  `id_order` int(11) NOT NULL,
  `id_service` int(11) NOT NULL
) ENGINE=InnoDB DEFAULT CHARSET=utf8;

--
-- Đang đổ dữ liệu cho bảng `order-details`
--

INSERT INTO `order-details` (`id_order`, `id_service`) VALUES
(3, 18),
(3, 19),
(3, 6),
(4, 9),
(4, 15),
(4, 6),
(5, 2),
(5, 9),
(6, 18),
(7, 18),
(7, 14),
(7, 10),
(7, 9),
(8, 18),
(8, 7),
(8, 15),
(9, 18),
(10, 17),
(11, 17),
(11, 18),
(12, 17),
(12, 17),
(12, 17),
(12, 19),
(13, 30),
(14, 17);

-- --------------------------------------------------------

--
-- Cấu trúc bảng cho bảng `service`
--

CREATE TABLE `service` (
  `id` int(11) NOT NULL,
  `id_category` int(11) NOT NULL COMMENT 'Loại dịch vụ',
  `name` varchar(256) NOT NULL COMMENT 'Tên dịch vụ',
  `price` varchar(256) NOT NULL COMMENT 'Giá tiền',
  `description` text NOT NULL COMMENT 'Nội dung',
  `image` varchar(256) NOT NULL COMMENT 'Ảnh tiêu đề'
) ENGINE=InnoDB DEFAULT CHARSET=utf8;

--
-- Đang đổ dữ liệu cho bảng `service`
--

INSERT INTO `service` (`id`, `id_category`, `name`, `price`, `description`, `image`) VALUES
(1, 4, 'Cắt tóc nam', '50000', 'Lorem ipsum dolor sit amet consectetur adipisicing elit. Corporis rerum dicta alias laboriosam labore iure saepe necessitatibus officiis officia', 'title/service/1.jpg'),
(2, 4, 'Cắt tóc nữ', '70000', '<p>Lorem ipsum dolor sit amet consectetur adipisicing elit. Corporis rerum dicta alias laboriosam labore iure saepe necessitatibus officiis officia, nisi obcaecati quibusdam nemo dolorum. Necessitatibus quaerat pariatur incidunt iure temporibus.Lorem, ipsum dolor sit amet consectetur adipisicing elit. Atque repudiandae dicta similique repellendus sequi qui labore facere expedita at excepturi quam, eum reiciendis! Perspiciatis, voluptas voluptate. Eos omnis aut et?Lorem, ipsum dolor sit amet consectetur adipisicing elit. Atque repudiandae dicta similique repellendus sequi qui labore facere expedita at excepturi quam, eum reiciendis! Perspiciatis, voluptas voluptate.</p>        <img src=\'views/assets/images/mei.jpg\'>        <p>Eos omnis aut et?Lorem, ipsum dolor sit amet consectetur adipisicing elit. Atque repudiandae dicta similique repellendus sequi qui labore facere expedita at excepturi quam, eum reiciendis! Perspiciatis, voluptas voluptate.</p> <p>Eos omnis aut et?Lorem, ipsum dolor sit amet consectetur adipisicing elit. Atque repudiandae dicta similique repellendus sequi qui labore facere expedita at excepturi quam, eum reiciendis! Perspiciatis, voluptas voluptate. Eos omnis aut et?Lorem, ipsum dolor sit amet consectetur adipisicing elit. Atque repudiandae dicta similique repellendus sequi qui labore facere expedita at excepturi quam, eum reiciendis! Perspiciatis, voluptas voluptate. Eos omnis aut et?</p>', 'title/service/2.jpg'),
(3, 2, 'Uốn tóc nam', '300000', '<p>Lorem ipsum dolor sit amet consectetur adipisicing elit. Corporis rerum dicta alias laboriosam labore iure saepe necessitatibus officiis officia, nisi obcaecati quibusdam nemo dolorum. Necessitatibus quaerat pariatur incidunt iure temporibus.Lorem, ipsum dolor sit amet consectetur adipisicing elit. Atque repudiandae dicta similique repellendus sequi qui labore facere expedita at excepturi quam, eum reiciendis! Perspiciatis, voluptas voluptate. Eos omnis aut et?Lorem, ipsum dolor sit amet consectetur adipisicing elit. Atque repudiandae dicta similique repellendus sequi qui labore facere expedita at excepturi quam, eum reiciendis! Perspiciatis, voluptas voluptate.</p>        <img src=\'views/assets/images/mei.jpg\'>        <p>Eos omnis aut et?Lorem, ipsum dolor sit amet consectetur adipisicing elit. Atque repudiandae dicta similique repellendus sequi qui labore facere expedita at excepturi quam, eum reiciendis! Perspiciatis, voluptas voluptate.</p> <p>Eos omnis aut et?Lorem, ipsum dolor sit amet consectetur adipisicing elit. Atque repudiandae dicta similique repellendus sequi qui labore facere expedita at excepturi quam, eum reiciendis! Perspiciatis, voluptas voluptate. Eos omnis aut et?Lorem, ipsum dolor sit amet consectetur adipisicing elit. Atque repudiandae dicta similique repellendus sequi qui labore facere expedita at excepturi quam, eum reiciendis! Perspiciatis, voluptas voluptate. Eos omnis aut et?</p>', 'title/service/3.jpg'),
(4, 3, 'Nhuộm tóc', '400000', '<p>Lorem ipsum dolor sit amet consectetur adipisicing elit. Corporis rerum dicta alias laboriosam labore iure saepe necessitatibus officiis officia, nisi obcaecati quibusdam nemo dolorum. Necessitatibus quaerat pariatur incidunt iure temporibus.Lorem, ipsum dolor sit amet consectetur adipisicing elit. Atque repudiandae dicta similique repellendus sequi qui labore facere expedita at excepturi quam, eum reiciendis! Perspiciatis, voluptas voluptate. Eos omnis aut et?Lorem, ipsum dolor sit amet consectetur adipisicing elit. Atque repudiandae dicta similique repellendus sequi qui labore facere expedita at excepturi quam, eum reiciendis! Perspiciatis, voluptas voluptate.</p>        <img src=\'views/assets/images/mei.jpg\'>        <p>Eos omnis aut et?Lorem, ipsum dolor sit amet consectetur adipisicing elit. Atque repudiandae dicta similique repellendus sequi qui labore facere expedita at excepturi quam, eum reiciendis! Perspiciatis, voluptas voluptate.</p> <p>Eos omnis aut et?Lorem, ipsum dolor sit amet consectetur adipisicing elit. Atque repudiandae dicta similique repellendus sequi qui labore facere expedita at excepturi quam, eum reiciendis! Perspiciatis, voluptas voluptate. Eos omnis aut et?Lorem, ipsum dolor sit amet consectetur adipisicing elit. Atque repudiandae dicta similique repellendus sequi qui labore facere expedita at excepturi quam, eum reiciendis! Perspiciatis, voluptas voluptate. Eos omnis aut et?</p>', 'title/service/4.jpg'),
(5, 2, 'Uốn tiêu chuẩn nam', '400000', '<p>Lorem ipsum dolor sit amet consectetur adipisicing elit. Corporis rerum dicta alias laboriosam labore iure saepe necessitatibus officiis officia, nisi obcaecati quibusdam nemo dolorum. Necessitatibus quaerat pariatur incidunt iure temporibus.Lorem, ipsum dolor sit amet consectetur adipisicing elit. Atque repudiandae dicta similique repellendus sequi qui labore facere expedita at excepturi quam, eum reiciendis! Perspiciatis, voluptas voluptate. Eos omnis aut et?Lorem, ipsum dolor sit amet consectetur adipisicing elit. Atque repudiandae dicta similique repellendus sequi qui labore facere expedita at excepturi quam, eum reiciendis! Perspiciatis, voluptas voluptate.</p>        <img src=\'views/assets/images/mei.jpg\'>        <p>Eos omnis aut et?Lorem, ipsum dolor sit amet consectetur adipisicing elit. Atque repudiandae dicta similique repellendus sequi qui labore facere expedita at excepturi quam, eum reiciendis! Perspiciatis, voluptas voluptate.</p> <p>Eos omnis aut et?Lorem, ipsum dolor sit amet consectetur adipisicing elit. Atque repudiandae dicta similique repellendus sequi qui labore facere expedita at excepturi quam, eum reiciendis! Perspiciatis, voluptas voluptate. Eos omnis aut et?Lorem, ipsum dolor sit amet consectetur adipisicing elit. Atque repudiandae dicta similique repellendus sequi qui labore facere expedita at excepturi quam, eum reiciendis! Perspiciatis, voluptas voluptate. Eos omnis aut et?</p>', 'title/service/5.jpg'),
(6, 2, 'Uốn tiêu chuẩn nữ', '500000', '<p>Lorem ipsum dolor sit amet consectetur adipisicing elit. Corporis rerum dicta alias laboriosam labore iure saepe necessitatibus officiis officia, nisi obcaecati quibusdam nemo dolorum. Necessitatibus quaerat pariatur incidunt iure temporibus.Lorem, ipsum dolor sit amet consectetur adipisicing elit. Atque repudiandae dicta similique repellendus sequi qui labore facere expedita at excepturi quam, eum reiciendis! Perspiciatis, voluptas voluptate. Eos omnis aut et?Lorem, ipsum dolor sit amet consectetur adipisicing elit. Atque repudiandae dicta similique repellendus sequi qui labore facere expedita at excepturi quam, eum reiciendis! Perspiciatis, voluptas voluptate.</p>        <img src=\'views/assets/images/mei.jpg\'>        <p>Eos omnis aut et?Lorem, ipsum dolor sit amet consectetur adipisicing elit. Atque repudiandae dicta similique repellendus sequi qui labore facere expedita at excepturi quam, eum reiciendis! Perspiciatis, voluptas voluptate.</p> <p>Eos omnis aut et?Lorem, ipsum dolor sit amet consectetur adipisicing elit. Atque repudiandae dicta similique repellendus sequi qui labore facere expedita at excepturi quam, eum reiciendis! Perspiciatis, voluptas voluptate. Eos omnis aut et?Lorem, ipsum dolor sit amet consectetur adipisicing elit. Atque repudiandae dicta similique repellendus sequi qui labore facere expedita at excepturi quam, eum reiciendis! Perspiciatis, voluptas voluptate. Eos omnis aut et?</p>', 'title/service/6.jpg'),
(7, 2, 'uốn cao cấp', '600000', '<p>Lorem ipsum dolor sit amet consectetur adipisicing elit. Corporis rerum dicta alias laboriosam labore iure saepe necessitatibus officiis officia, nisi obcaecati quibusdam nemo dolorum. Necessitatibus quaerat pariatur incidunt iure temporibus.Lorem, ipsum dolor sit amet consectetur adipisicing elit. Atque repudiandae dicta similique repellendus sequi qui labore facere expedita at excepturi quam, eum reiciendis! Perspiciatis, voluptas voluptate. Eos omnis aut et?Lorem, ipsum dolor sit amet consectetur adipisicing elit. Atque repudiandae dicta similique repellendus sequi qui labore facere expedita at excepturi quam, eum reiciendis! Perspiciatis, voluptas voluptate.</p>        <img src=\'views/assets/images/mei.jpg\'>        <p>Eos omnis aut et?Lorem, ipsum dolor sit amet consectetur adipisicing elit. Atque repudiandae dicta similique repellendus sequi qui labore facere expedita at excepturi quam, eum reiciendis! Perspiciatis, voluptas voluptate.</p> <p>Eos omnis aut et?Lorem, ipsum dolor sit amet consectetur adipisicing elit. Atque repudiandae dicta similique repellendus sequi qui labore facere expedita at excepturi quam, eum reiciendis! Perspiciatis, voluptas voluptate. Eos omnis aut et?Lorem, ipsum dolor sit amet consectetur adipisicing elit. Atque repudiandae dicta similique repellendus sequi qui labore facere expedita at excepturi quam, eum reiciendis! Perspiciatis, voluptas voluptate. Eos omnis aut et?</p>', 'title/service/7.jpg'),
(8, 3, 'nhuộm cao cấp', '400000', '<p>Lorem ipsum dolor sit amet consectetur adipisicing elit. Corporis rerum dicta alias laboriosam labore iure saepe necessitatibus officiis officia, nisi obcaecati quibusdam nemo dolorum. Necessitatibus quaerat pariatur incidunt iure temporibus.Lorem, ipsum dolor sit amet consectetur adipisicing elit. Atque repudiandae dicta similique repellendus sequi qui labore facere expedita at excepturi quam, eum reiciendis! Perspiciatis, voluptas voluptate. Eos omnis aut et?Lorem, ipsum dolor sit amet consectetur adipisicing elit. Atque repudiandae dicta similique repellendus sequi qui labore facere expedita at excepturi quam, eum reiciendis! Perspiciatis, voluptas voluptate.</p>        <img src=\'views/assets/images/mei.jpg\'>        <p>Eos omnis aut et?Lorem, ipsum dolor sit amet consectetur adipisicing elit. Atque repudiandae dicta similique repellendus sequi qui labore facere expedita at excepturi quam, eum reiciendis! Perspiciatis, voluptas voluptate.</p> <p>Eos omnis aut et?Lorem, ipsum dolor sit amet consectetur adipisicing elit. Atque repudiandae dicta similique repellendus sequi qui labore facere expedita at excepturi quam, eum reiciendis! Perspiciatis, voluptas voluptate. Eos omnis aut et?Lorem, ipsum dolor sit amet consectetur adipisicing elit. Atque repudiandae dicta similique repellendus sequi qui labore facere expedita at excepturi quam, eum reiciendis! Perspiciatis, voluptas voluptate. Eos omnis aut et?</p>', 'title/service/8.jpg'),
(9, 5, 'đắp mặt lạ lạnh', '100000', '<p>Lorem ipsum dolor sit amet consectetur adipisicing elit. Corporis rerum dicta alias laboriosam labore iure saepe necessitatibus officiis officia, nisi obcaecati quibusdam nemo dolorum. Necessitatibus quaerat pariatur incidunt iure temporibus.Lorem, ipsum dolor sit amet consectetur adipisicing elit. Atque repudiandae dicta similique repellendus sequi qui labore facere expedita at excepturi quam, eum reiciendis! Perspiciatis, voluptas voluptate. Eos omnis aut et?Lorem, ipsum dolor sit amet consectetur adipisicing elit. Atque repudiandae dicta similique repellendus sequi qui labore facere expedita at excepturi quam, eum reiciendis! Perspiciatis, voluptas voluptate.</p>        <img src=\'views/assets/images/mei.jpg\'>        <p>Eos omnis aut et?Lorem, ipsum dolor sit amet consectetur adipisicing elit. Atque repudiandae dicta similique repellendus sequi qui labore facere expedita at excepturi quam, eum reiciendis! Perspiciatis, voluptas voluptate.</p> <p>Eos omnis aut et?Lorem, ipsum dolor sit amet consectetur adipisicing elit. Atque repudiandae dicta similique repellendus sequi qui labore facere expedita at excepturi quam, eum reiciendis! Perspiciatis, voluptas voluptate. Eos omnis aut et?Lorem, ipsum dolor sit amet consectetur adipisicing elit. Atque repudiandae dicta similique repellendus sequi qui labore facere expedita at excepturi quam, eum reiciendis! Perspiciatis, voluptas voluptate. Eos omnis aut et?</p>', 'title/service/9.jpg'),
(10, 6, 'lấy mụn mữi chuyên sâu', '40000', '<p>Lorem ipsum dolor sit amet consectetur adipisicing elit. Corporis rerum dicta alias laboriosam labore iure saepe necessitatibus officiis officia, nisi obcaecati quibusdam nemo dolorum. Necessitatibus quaerat pariatur incidunt iure temporibus.Lorem, ipsum dolor sit amet consectetur adipisicing elit. Atque repudiandae dicta similique repellendus sequi qui labore facere expedita at excepturi quam, eum reiciendis! Perspiciatis, voluptas voluptate. Eos omnis aut et?Lorem, ipsum dolor sit amet consectetur adipisicing elit. Atque repudiandae dicta similique repellendus sequi qui labore facere expedita at excepturi quam, eum reiciendis! Perspiciatis, voluptas voluptate.</p>        <img src=\'views/assets/images/mei.jpg\'>        <p>Eos omnis aut et?Lorem, ipsum dolor sit amet consectetur adipisicing elit. Atque repudiandae dicta similique repellendus sequi qui labore facere expedita at excepturi quam, eum reiciendis! Perspiciatis, voluptas voluptate.</p> <p>Eos omnis aut et?Lorem, ipsum dolor sit amet consectetur adipisicing elit. Atque repudiandae dicta similique repellendus sequi qui labore facere expedita at excepturi quam, eum reiciendis! Perspiciatis, voluptas voluptate. Eos omnis aut et?Lorem, ipsum dolor sit amet consectetur adipisicing elit. Atque repudiandae dicta similique repellendus sequi qui labore facere expedita at excepturi quam, eum reiciendis! Perspiciatis, voluptas voluptate. Eos omnis aut et?</p>', 'title/service/10.jpg'),
(11, 6, 'lấy mụn than tre', '40000', '<p>Lorem ipsum dolor sit amet consectetur adipisicing elit. Corporis rerum dicta alias laboriosam labore iure saepe necessitatibus officiis officia, nisi obcaecati quibusdam nemo dolorum. Necessitatibus quaerat pariatur incidunt iure temporibus.Lorem, ipsum dolor sit amet consectetur adipisicing elit. Atque repudiandae dicta similique repellendus sequi qui labore facere expedita at excepturi quam, eum reiciendis! Perspiciatis, voluptas voluptate. Eos omnis aut et?Lorem, ipsum dolor sit amet consectetur adipisicing elit. Atque repudiandae dicta similique repellendus sequi qui labore facere expedita at excepturi quam, eum reiciendis! Perspiciatis, voluptas voluptate.</p>        <img src=\'views/assets/images/mei.jpg\'>        <p>Eos omnis aut et?Lorem, ipsum dolor sit amet consectetur adipisicing elit. Atque repudiandae dicta similique repellendus sequi qui labore facere expedita at excepturi quam, eum reiciendis! Perspiciatis, voluptas voluptate.</p> <p>Eos omnis aut et?Lorem, ipsum dolor sit amet consectetur adipisicing elit. Atque repudiandae dicta similique repellendus sequi qui labore facere expedita at excepturi quam, eum reiciendis! Perspiciatis, voluptas voluptate. Eos omnis aut et?Lorem, ipsum dolor sit amet consectetur adipisicing elit. Atque repudiandae dicta similique repellendus sequi qui labore facere expedita at excepturi quam, eum reiciendis! Perspiciatis, voluptas voluptate. Eos omnis aut et?</p>', 'title/service/11.jpg'),
(12, 6, 'lấy ráy tai', '20000', '<p>Lorem ipsum dolor sit amet consectetur adipisicing elit. Corporis rerum dicta alias laboriosam labore iure saepe necessitatibus officiis officia, nisi obcaecati quibusdam nemo dolorum. Necessitatibus quaerat pariatur incidunt iure temporibus.Lorem, ipsum dolor sit amet consectetur adipisicing elit. Atque repudiandae dicta similique repellendus sequi qui labore facere expedita at excepturi quam, eum reiciendis! Perspiciatis, voluptas voluptate. Eos omnis aut et?Lorem, ipsum dolor sit amet consectetur adipisicing elit. Atque repudiandae dicta similique repellendus sequi qui labore facere expedita at excepturi quam, eum reiciendis! Perspiciatis, voluptas voluptate.</p>        <img src=\'views/assets/images/mei.jpg\'>        <p>Eos omnis aut et?Lorem, ipsum dolor sit amet consectetur adipisicing elit. Atque repudiandae dicta similique repellendus sequi qui labore facere expedita at excepturi quam, eum reiciendis! Perspiciatis, voluptas voluptate.</p> <p>Eos omnis aut et?Lorem, ipsum dolor sit amet consectetur adipisicing elit. Atque repudiandae dicta similique repellendus sequi qui labore facere expedita at excepturi quam, eum reiciendis! Perspiciatis, voluptas voluptate. Eos omnis aut et?Lorem, ipsum dolor sit amet consectetur adipisicing elit. Atque repudiandae dicta similique repellendus sequi qui labore facere expedita at excepturi quam, eum reiciendis! Perspiciatis, voluptas voluptate. Eos omnis aut et?</p>', 'title/service/12.jpg'),
(13, 5, 'detox da dầu', '50000', '<p>Lorem ipsum dolor sit amet consectetur adipisicing elit. Corporis rerum dicta alias laboriosam labore iure saepe necessitatibus officiis officia, nisi obcaecati quibusdam nemo dolorum. Necessitatibus quaerat pariatur incidunt iure temporibus.Lorem, ipsum dolor sit amet consectetur adipisicing elit. Atque repudiandae dicta similique repellendus sequi qui labore facere expedita at excepturi quam, eum reiciendis! Perspiciatis, voluptas voluptate. Eos omnis aut et?Lorem, ipsum dolor sit amet consectetur adipisicing elit. Atque repudiandae dicta similique repellendus sequi qui labore facere expedita at excepturi quam, eum reiciendis! Perspiciatis, voluptas voluptate.</p>        <img src=\'views/assets/images/mei.jpg\'>        <p>Eos omnis aut et?Lorem, ipsum dolor sit amet consectetur adipisicing elit. Atque repudiandae dicta similique repellendus sequi qui labore facere expedita at excepturi quam, eum reiciendis! Perspiciatis, voluptas voluptate.</p> <p>Eos omnis aut et?Lorem, ipsum dolor sit amet consectetur adipisicing elit. Atque repudiandae dicta similique repellendus sequi qui labore facere expedita at excepturi quam, eum reiciendis! Perspiciatis, voluptas voluptate. Eos omnis aut et?Lorem, ipsum dolor sit amet consectetur adipisicing elit. Atque repudiandae dicta similique repellendus sequi qui labore facere expedita at excepturi quam, eum reiciendis! Perspiciatis, voluptas voluptate. Eos omnis aut et?</p>', 'title/service/13.jpg'),
(14, 6, 'gội đầu', '30000', '<p>Lorem ipsum dolor sit amet consectetur adipisicing elit. Corporis rerum dicta alias laboriosam labore iure saepe necessitatibus officiis officia, nisi obcaecati quibusdam nemo dolorum. Necessitatibus quaerat pariatur incidunt iure temporibus.Lorem, ipsum dolor sit amet consectetur adipisicing elit. Atque repudiandae dicta similique repellendus sequi qui labore facere expedita at excepturi quam, eum reiciendis! Perspiciatis, voluptas voluptate. Eos omnis aut et?Lorem, ipsum dolor sit amet consectetur adipisicing elit. Atque repudiandae dicta similique repellendus sequi qui labore facere expedita at excepturi quam, eum reiciendis! Perspiciatis, voluptas voluptate.</p>        <img src=\'views/assets/images/mei.jpg\'>        <p>Eos omnis aut et?Lorem, ipsum dolor sit amet consectetur adipisicing elit. Atque repudiandae dicta similique repellendus sequi qui labore facere expedita at excepturi quam, eum reiciendis! Perspiciatis, voluptas voluptate.</p> <p>Eos omnis aut et?Lorem, ipsum dolor sit amet consectetur adipisicing elit. Atque repudiandae dicta similique repellendus sequi qui labore facere expedita at excepturi quam, eum reiciendis! Perspiciatis, voluptas voluptate. Eos omnis aut et?Lorem, ipsum dolor sit amet consectetur adipisicing elit. Atque repudiandae dicta similique repellendus sequi qui labore facere expedita at excepturi quam, eum reiciendis! Perspiciatis, voluptas voluptate. Eos omnis aut et?</p>', 'title/service/14.jpg'),
(15, 6, 'mát xa mặt', '20000', '<p>Lorem ipsum dolor sit amet consectetur adipisicing elit. Corporis rerum dicta alias laboriosam labore iure saepe necessitatibus officiis officia, nisi obcaecati quibusdam nemo dolorum. Necessitatibus quaerat pariatur incidunt iure temporibus.Lorem, ipsum dolor sit amet consectetur adipisicing elit. Atque repudiandae dicta similique repellendus sequi qui labore facere expedita at excepturi quam, eum reiciendis! Perspiciatis, voluptas voluptate. Eos omnis aut et?Lorem, ipsum dolor sit amet consectetur adipisicing elit. Atque repudiandae dicta similique repellendus sequi qui labore facere expedita at excepturi quam, eum reiciendis! Perspiciatis, voluptas voluptate.</p>        <img src=\'views/assets/images/mei.jpg\'>        <p>Eos omnis aut et?Lorem, ipsum dolor sit amet consectetur adipisicing elit. Atque repudiandae dicta similique repellendus sequi qui labore facere expedita at excepturi quam, eum reiciendis! Perspiciatis, voluptas voluptate.</p> <p>Eos omnis aut et?Lorem, ipsum dolor sit amet consectetur adipisicing elit. Atque repudiandae dicta similique repellendus sequi qui labore facere expedita at excepturi quam, eum reiciendis! Perspiciatis, voluptas voluptate. Eos omnis aut et?Lorem, ipsum dolor sit amet consectetur adipisicing elit. Atque repudiandae dicta similique repellendus sequi qui labore facere expedita at excepturi quam, eum reiciendis! Perspiciatis, voluptas voluptate. Eos omnis aut et?</p>', 'title/service/15.jpg'),
(16, 1, 'combo cắt gội 10 bước 100k', '100000', '<p>Lorem ipsum dolor sit amet consectetur adipisicing elit. Corporis rerum dicta alias laboriosam labore iure saepe necessitatibus officiis officia, nisi obcaecati quibusdam nemo dolorum. Necessitatibus quaerat pariatur incidunt iure temporibus.Lorem, ipsum dolor sit amet consectetur adipisicing elit. Atque repudiandae dicta similique repellendus sequi qui labore facere expedita at excepturi quam, eum reiciendis! Perspiciatis, voluptas voluptate. Eos omnis aut et?Lorem, ipsum dolor sit amet consectetur adipisicing elit. Atque repudiandae dicta similique repellendus sequi qui labore facere expedita at excepturi quam, eum reiciendis! Perspiciatis, voluptas voluptate.</p>        <img src=\'views/assets/images/mei.jpg\'>        <p>Eos omnis aut et?Lorem, ipsum dolor sit amet consectetur adipisicing elit. Atque repudiandae dicta similique repellendus sequi qui labore facere expedita at excepturi quam, eum reiciendis! Perspiciatis, voluptas voluptate.</p> <p>Eos omnis aut et?Lorem, ipsum dolor sit amet consectetur adipisicing elit. Atque repudiandae dicta similique repellendus sequi qui labore facere expedita at excepturi quam, eum reiciendis! Perspiciatis, voluptas voluptate. Eos omnis aut et?Lorem, ipsum dolor sit amet consectetur adipisicing elit. Atque repudiandae dicta similique repellendus sequi qui labore facere expedita at excepturi quam, eum reiciendis! Perspiciatis, voluptas voluptate. Eos omnis aut et?</p>', 'title/service/16.jpg'),
(17, 1, 'combo cắt gội kid 70k', '70000', '<p>Lorem ipsum dolor sit amet consectetur adipisicing elit. Corporis rerum dicta alias laboriosam labore iure saepe necessitatibus officiis officia, nisi obcaecati quibusdam nemo dolorum. Necessitatibus quaerat pariatur incidunt iure temporibus.Lorem, ipsum dolor sit amet consectetur adipisicing elit. Atque repudiandae dicta similique repellendus sequi qui labore facere expedita at excepturi quam, eum reiciendis! Perspiciatis, voluptas voluptate. Eos omnis aut et?Lorem, ipsum dolor sit amet consectetur adipisicing elit. Atque repudiandae dicta similique repellendus sequi qui labore facere expedita at excepturi quam, eum reiciendis! Perspiciatis, voluptas voluptate.</p>        <img src=\'views/assets/images/mei.jpg\'>        <p>Eos omnis aut et?Lorem, ipsum dolor sit amet consectetur adipisicing elit. Atque repudiandae dicta similique repellendus sequi qui labore facere expedita at excepturi quam, eum reiciendis! Perspiciatis, voluptas voluptate.</p> <p>Eos omnis aut et?Lorem, ipsum dolor sit amet consectetur adipisicing elit. Atque repudiandae dicta similique repellendus sequi qui labore facere expedita at excepturi quam, eum reiciendis! Perspiciatis, voluptas voluptate. Eos omnis aut et?Lorem, ipsum dolor sit amet consectetur adipisicing elit. Atque repudiandae dicta similique repellendus sequi qui labore facere expedita at excepturi quam, eum reiciendis! Perspiciatis, voluptas voluptate. Eos omnis aut et?</p>', 'title/service/17.jpg'),
(18, 1, 'combo người lớn 5 bước 70k', '70000', '<p>Lorem ipsum dolor sit amet consectetur adipisicing elit. Corporis rerum dicta alias laboriosam labore iure saepe necessitatibus officiis officia, nisi obcaecati quibusdam nemo dolorum. Necessitatibus quaerat pariatur incidunt iure temporibus.Lorem, ipsum dolor sit amet consectetur adipisicing elit. Atque repudiandae dicta similique repellendus sequi qui labore facere expedita at excepturi quam, eum reiciendis! Perspiciatis, voluptas voluptate. Eos omnis aut et?Lorem, ipsum dolor sit amet consectetur adipisicing elit. Atque repudiandae dicta similique repellendus sequi qui labore facere expedita at excepturi quam, eum reiciendis! Perspiciatis, voluptas voluptate.</p>        <img src=\"views/assets/images/mei.jpg\">        <p>Eos omnis aut et?Lorem, ipsum dolor sit amet consectetur adipisicing elit. Atque repudiandae dicta similique repellendus sequi qui labore facere expedita at excepturi quam, eum reiciendis! Perspiciatis, voluptas voluptate.</p> <p>Eos omnis aut et?Lorem, ipsum dolor sit amet consectetur adipisicing elit. Atque repudiandae dicta similique repellendus sequi qui labore facere expedita at excepturi quam, eum reiciendis! Perspiciatis, voluptas voluptate. Eos omnis aut et?Lorem, ipsum dolor sit amet consectetur adipisicing elit. Atque repudiandae dicta similique repellendus sequi qui labore facere expedita at excepturi quam, eum reiciendis! Perspiciatis, voluptas voluptate. Eos omnis aut et?</p>', 'title/service/18.jpg'),
(19, 1, 'combo auto gái nhìn cái đổ 100k', '100000', '<p>Lorem ipsum dolor sit amet consectetur adipisicing elit. Corporis rerum dicta alias laboriosam labore iure saepe necessitatibus officiis officia, nisi obcaecati quibusdam nemo dolorum. Necessitatibus quaerat pariatur incidunt iure temporibus.Lorem, ipsum dolor sit amet consectetur adipisicing elit. Atque repudiandae dicta similique repellendus sequi qui labore facere expedita at excepturi quam, eum reiciendis! Perspiciatis, voluptas voluptate. Eos omnis aut et?Lorem, ipsum dolor sit amet consectetur adipisicing elit. Atque repudiandae dicta similique repellendus sequi qui labore facere expedita at excepturi quam, eum reiciendis! Perspiciatis, voluptas voluptate.</p>        <img src=\'views/assets/images/mei.jpg\'>        <p>Eos omnis aut et?Lorem, ipsum dolor sit amet consectetur adipisicing elit. Atque repudiandae dicta similique repellendus sequi qui labore facere expedita at excepturi quam, eum reiciendis! Perspiciatis, voluptas voluptate.</p> <p>Eos omnis aut et?Lorem, ipsum dolor sit amet consectetur adipisicing elit. Atque repudiandae dicta similique repellendus sequi qui labore facere expedita at excepturi quam, eum reiciendis! Perspiciatis, voluptas voluptate. Eos omnis aut et?Lorem, ipsum dolor sit amet consectetur adipisicing elit. Atque repudiandae dicta similique repellendus sequi qui labore facere expedita at excepturi quam, eum reiciendis! Perspiciatis, voluptas voluptate. Eos omnis aut et?</p>', 'title/service/19.jpg'),
(20, 3, 'Nhuộm tiêu chuẩn', '350000', '<p>Lorem ipsum dolor sit amet consectetur adipisicing elit. Maxime nostrum, doloribus esse itaque vero quaerat dicta, totam consectetur laboriosam quasi ipsam. Voluptas aspernatur exercitationem assumenda deserunt numquam nihil cum minima?</p><p><img src=\"views/assets/images/service/1627799165_kiana.jpg\" style=\"width: 728px;\" data-filename=\"kiana\"></p><p>Lorem ipsum dolor sit amet consectetur adipisicing elit. Maxime nostrum, doloribus esse itaque vero quaerat dicta, totam consectetur laboriosam quasi ipsam. Voluptas aspernatur exercitationem assumenda deserunt numquam nihil cum minima?<br></p>', 'title/service/12.jpg'),
(21, 3, 'Nhộm tóc nữ', '400000', '<p style=\"width: 800px; color: rgba(0, 0, 0, 0.9); font-family: &quot;Open Sans&quot;, sans-serif;\">Lorem ipsum dolor sit amet consectetur adipisicing elit. Corporis rerum dicta alias laboriosam labore iure saepe necessitatibus officiis officia, nisi obcaecati quibusdam nemo dolorum. Necessitatibus quaerat pariatur incidunt iure temporibus.Lorem, ipsum dolor sit amet consectetur adipisicing elit. Atque repudiandae dicta similique repellendus sequi qui labore facere expedita at excepturi quam, eum reiciendis! Perspiciatis, voluptas voluptate. Eos omnis aut et?Lorem, ipsum dolor sit amet consectetur adipisicing elit. Atque repudiandae dicta similique repellendus sequi qui labore facere expedita at excepturi quam, eum reiciendis! Perspiciatis, voluptas voluptate.</p><p><img src=\"https://localhost/salon/views/assets/images/durandal.jpg\" style=\"width: 800px; color: rgba(0, 0, 0, 0.9); font-family: &quot;Open Sans&quot;, sans-serif;\"><span style=\"color: rgba(0, 0, 0, 0.9); font-family: &quot;Open Sans&quot;, sans-serif;\"></span></p><p style=\"width: 800px; color: rgba(0, 0, 0, 0.9); font-family: &quot;Open Sans&quot;, sans-serif;\">Eos omnis aut et?Lorem, ipsum dolor sit amet consectetur adipisicing elit. Atque repudiandae dicta similique repellendus sequi qui labore facere expedita at excepturi quam, eum reiciendis! Perspiciatis, voluptas voluptate.</p><p style=\"width: 800px; color: rgba(0, 0, 0, 0.9); font-family: &quot;Open Sans&quot;, sans-serif;\">Eos omnis aut et?Lorem, ipsum dolor sit amet consectetur adipisicing elit. Atque repudiandae dicta similique repellendus sequi qui labore facere expedita at excepturi quam, eum reiciendis! Perspiciatis, voluptas voluptate. Eos omnis aut et?Lorem, ipsum dolor sit amet consectetur adipisicing elit. Atque repudiandae dicta similique repellendus sequi qui labore facere expedita at excepturi quam, eum reiciendis! Perspiciatis, voluptas voluptate. Eos omnis aut et?</p>', 'title/service/1627813645_16.jpg'),
(22, 6, 'mát xa toàn thân', '200000', '<p style=\"width: 800px; color: rgba(0, 0, 0, 0.9); font-family: &quot;Open Sans&quot;, sans-serif;\">Lorem ipsum dolor sit amet consectetur adipisicing elit. Corporis rerum dicta alias laboriosam labore iure saepe necessitatibus officiis officia, nisi obcaecati quibusdam nemo dolorum. Necessitatibus quaerat pariatur incidunt iure temporibus.Lorem, ipsum dolor sit amet consectetur adipisicing elit. Atque repudiandae dicta similique repellendus sequi qui labore facere expedita at excepturi quam, eum reiciendis! Perspiciatis, voluptas voluptate. Eos omnis aut et?Lorem, ipsum dolor sit amet consectetur adipisicing elit. Atque repudiandae dicta similique repellendus sequi qui labore facere expedita at excepturi quam, eum reiciendis! Perspiciatis, voluptas voluptate.</p><p><img src=\"https://localhost/salon/views/assets/images/mei.jpg\" style=\"width: 800px; color: rgba(0, 0, 0, 0.9); font-family: &quot;Open Sans&quot;, sans-serif;\"><span style=\"color: rgba(0, 0, 0, 0.9); font-family: &quot;Open Sans&quot;, sans-serif;\"></span></p><p style=\"width: 800px; color: rgba(0, 0, 0, 0.9); font-family: &quot;Open Sans&quot;, sans-serif;\">Eos omnis aut et?Lorem, ipsum dolor sit amet consectetur adipisicing elit. Atque repudiandae dicta similique repellendus sequi qui labore facere expedita at excepturi quam, eum reiciendis! Perspiciatis, voluptas voluptate.</p><p style=\"width: 800px; color: rgba(0, 0, 0, 0.9); font-family: &quot;Open Sans&quot;, sans-serif;\">Eos omnis aut et?Lorem, ipsum dolor sit amet consectetur adipisicing elit. Atque repudiandae dicta similique repellendus sequi qui labore facere expedita at excepturi quam, eum reiciendis! Perspiciatis, voluptas voluptate. Eos omnis aut et?Lorem, ipsum dolor sit amet consectetur adipisicing elit. Atque repudiandae dicta similique repellendus sequi qui labore facere expedita at excepturi quam, eum reiciendis! Perspiciatis, voluptas voluptate. Eos omnis aut et?</p>', 'title/service/1628063207_17.jpg'),
(23, 6, 'mát xa toàn thân', '200000', '<p style=\"width: 800px; color: rgba(0, 0, 0, 0.9); font-family: &quot;Open Sans&quot;, sans-serif;\">Lorem ipsum dolor sit amet consectetur adipisicing elit. Corporis rerum dicta alias laboriosam labore iure saepe necessitatibus officiis officia, nisi obcaecati quibusdam nemo dolorum. Necessitatibus quaerat pariatur incidunt iure temporibus.Lorem, ipsum dolor sit amet consectetur adipisicing elit. Atque repudiandae dicta similique repellendus sequi qui labore facere expedita at excepturi quam, eum reiciendis! Perspiciatis, voluptas voluptate. Eos omnis aut et?Lorem, ipsum dolor sit amet consectetur adipisicing elit. Atque repudiandae dicta similique repellendus sequi qui labore facere expedita at excepturi quam, eum reiciendis! Perspiciatis, voluptas voluptate.</p><p><img src=\"https://localhost/salon/views/assets/images/mei.jpg\" style=\"width: 800px; color: rgba(0, 0, 0, 0.9); font-family: &quot;Open Sans&quot;, sans-serif;\"><span style=\"color: rgba(0, 0, 0, 0.9); font-family: &quot;Open Sans&quot;, sans-serif;\"></span></p><p style=\"width: 800px; color: rgba(0, 0, 0, 0.9); font-family: &quot;Open Sans&quot;, sans-serif;\">Eos omnis aut et?Lorem, ipsum dolor sit amet consectetur adipisicing elit. Atque repudiandae dicta similique repellendus sequi qui labore facere expedita at excepturi quam, eum reiciendis! Perspiciatis, voluptas voluptate.</p><p style=\"width: 800px; color: rgba(0, 0, 0, 0.9); font-family: &quot;Open Sans&quot;, sans-serif;\">Eos omnis aut et?Lorem, ipsum dolor sit amet consectetur adipisicing elit. Atque repudiandae dicta similique repellendus sequi qui labore facere expedita at excepturi quam, eum reiciendis! Perspiciatis, voluptas voluptate. Eos omnis aut et?Lorem, ipsum dolor sit amet consectetur adipisicing elit. Atque repudiandae dicta similique repellendus sequi qui labore facere expedita at excepturi quam, eum reiciendis! Perspiciatis, voluptas voluptate. Eos omnis aut et?</p>', 'title/service/1628064312_2.jpg'),
(24, 3, 'Nguyễn Bảo Vy', '200000', '<p><br></p>', 'title/service/1628064379_7.jpg'),
(25, 3, 'Nhuộm tóc cho người cao tuổi', '150000', '&nbsp;&nbsp;', 'title/service/1628066917_6.jpg'),
(26, 5, 'Chăm sóc da nam', '300000', '<p><br></p>', 'title/service/1628067025_12.jpg'),
(27, 5, 'Chăm sóc da nữ', '300000', '.', 'title/service/1628067041_5.jpg'),
(28, 5, 'Chăm sóc da trẻ em', '300000', '.', 'title/service/1628067058_3.jpg'),
(29, 2, 'Lorem ipsum dolor sit amet consectetur.', '300000', '.', 'title/service/1628067404_9.jpg'),
(30, 1, 'Nguyễn Văn Việt', '70000', '<p><br></p>', 'title/service/1628068601_1.jpg');

-- --------------------------------------------------------

--
-- Cấu trúc bảng cho bảng `staff`
--

CREATE TABLE `staff` (
  `id` int(11) NOT NULL,
  `name` varchar(256) NOT NULL COMMENT 'Tên nhân viên',
  `sex` int(11) NOT NULL COMMENT 'Giới tính',
  `birthday` date NOT NULL COMMENT 'Ngày sinh',
  `description` text NOT NULL COMMENT 'Giới thiệu nhân viên',
  `image` varchar(256) NOT NULL COMMENT 'Ảnh đại diện'
) ENGINE=InnoDB DEFAULT CHARSET=utf8;

--
-- Đang đổ dữ liệu cho bảng `staff`
--

INSERT INTO `staff` (`id`, `name`, `sex`, `birthday`, `description`, `image`) VALUES
(1, 'Nguyễn Bảo Châm', 1, '0000-00-00', '', 'title/staff/1.jpg'),
(3, 'Nguyễn Bảo Vy', 1, '0000-00-00', '', 'title/staff/2.jpg'),
(4, 'Nguyễn Gia Hân', 1, '0000-00-00', '', 'title/staff/3.jpg'),
(5, 'Nguyễn Thu Trang', 1, '0000-00-00', '', 'title/staff/4.jpg'),
(6, 'Nguyễn Thị Huyền', 1, '0000-00-00', '', 'title/staff/5.jpg'),
(7, 'Nguyễn Ngọc Anh', 1, '0000-00-00', '', 'title/staff/6.jpg'),
(8, 'Nguyễn Thu Phương', 1, '0000-00-00', '', 'title/staff/7.jpg'),
(9, 'Nguyễn Văn Tuấn', 0, '0000-00-00', '', 'title/staff/8.jpg'),
(10, 'Nguyễn Tuấn Anh', 0, '0000-00-00', '', 'title/staff/9.jpg'),
(11, 'Nguyễn Văn Sinh', 0, '0000-00-00', '', 'title/staff/10.jpg'),
(12, 'Nguyễn Văn Nam', 0, '0000-00-00', '<p>hello ae</p>', 'title/staff/11.jpg'),
(13, 'Nguyễn Văn Tú', 0, '1999-12-12', 'hello everybody', 'title/staff/12.jpg'),
(14, 'Nguyễn Văn Tuấn', 0, '0000-00-00', '', 'title/staff/13.jpg'),
(15, 'Nguyễn Văn Việt', 0, '0000-00-00', '', 'title/staff/14.jpg'),
(16, 'Trần Khánh Linh', 1, '1997-08-22', '</div><div class=\"content\" style=\"color: rgba(0, 0, 0, 0.9); font-family: &quot;Open Sans&quot;, sans-serif;\"><p style=\"width: 800px;\">Lorem ipsum dolor sit amet consectetur adipisicing elit. Corporis rerum dicta alias laboriosam labore iure saepe necessitatibus officiis officia, nisi obcaecati quibusdam nemo dolorum. Necessitatibus quaerat pariatur incidunt iure temporibus.Lorem, ipsum dolor sit amet consectetur adipisicing elit. Atque repudiandae dicta similique repellendus sequi qui labore facere expedita at excepturi quam, eum reiciendis! Perspiciatis, voluptas voluptate. Eos omnis aut et?Lorem, ipsum dolor sit amet consectetur adipisicing elit. Atque repudiandae dicta similique repellendus sequi qui labore facere expedita at excepturi quam, eum reiciendis! Perspiciatis, voluptas voluptate.</p><img src=\"https://localhost/salon/views/assets/images/durandal.jpg\" style=\"width: 800px;\"><p style=\"width: 800px;\">Eos omnis aut et?Lorem, ipsum dolor sit amet consectetur adipisicing elit. Atque repudiandae dicta similique repellendus sequi qui labore facere expedita at excepturi quam, eum reiciendis! Perspiciatis, voluptas voluptate.</p><p style=\"width: 800px;\">Eos omnis aut et?Lorem, ipsum dolor sit amet consectetur adipisicing elit. Atque repudiandae dicta similique repellendus sequi qui labore facere expedita at excepturi quam, eum reiciendis! Perspiciatis, voluptas voluptate. Eos omnis aut et?Lorem, ipsum dolor sit amet consectetur adipisicing elit. Atque repudiandae dicta similique repellendus sequi qui labore facere expedita at excepturi quam, eum reiciendis! Perspiciatis, voluptas voluptate. Eos omnis aut et?</p></div>', 'title/staff/1627839272_11.jpg'),
(17, 'Nguyễn Lan Chi', 1, '1998-06-11', '<p style=\"width: 800px; color: rgba(0, 0, 0, 0.9); font-family: &quot;Open Sans&quot;, sans-serif;\">Lorem ipsum dolor sit amet consectetur adipisicing elit. Corporis rerum dicta alias laboriosam labore iure saepe necessitatibus officiis officia, nisi obcaecati quibusdam nemo dolorum. Necessitatibus quaerat pariatur incidunt iure temporibus.Lorem, ipsum dolor sit amet consectetur adipisicing elit. Atque repudiandae dicta similique repellendus sequi qui labore facere expedita at excepturi quam, eum reiciendis! Perspiciatis, voluptas voluptate. Eos omnis aut et?Lorem, ipsum dolor sit amet consectetur adipisicing elit. Atque repudiandae dicta similique repellendus sequi qui labore facere expedita at excepturi quam, eum reiciendis! Perspiciatis, voluptas voluptate.</p><p><img src=\"https://localhost/salon/views/assets/images/durandal.jpg\" style=\"width: 800px; color: rgba(0, 0, 0, 0.9); font-family: &quot;Open Sans&quot;, sans-serif;\"><span style=\"color: rgba(0, 0, 0, 0.9); font-family: &quot;Open Sans&quot;, sans-serif;\"></span></p><p style=\"width: 800px; color: rgba(0, 0, 0, 0.9); font-family: &quot;Open Sans&quot;, sans-serif;\">Eos omnis aut et?Lorem, ipsum dolor sit amet consectetur adipisicing elit. Atque repudiandae dicta similique repellendus sequi qui labore facere expedita at excepturi quam, eum reiciendis! Perspiciatis, voluptas voluptate.</p><p style=\"width: 800px; color: rgba(0, 0, 0, 0.9); font-family: &quot;Open Sans&quot;, sans-serif;\">Eos omnis aut et?Lorem, ipsum dolor sit amet consectetur adipisicing elit. Atque repudiandae dicta similique repellendus sequi qui labore facere expedita at excepturi quam, eum reiciendis! Perspiciatis, voluptas voluptate. Eos omnis aut et?Lorem, ipsum dolor sit amet consectetur adipisicing elit. Atque repudiandae dicta similique repellendus sequi qui labore facere expedita at excepturi quam, eum reiciendis! Perspiciatis, voluptas voluptate. Eos omnis aut et?</p>', 'title/staff/1627985199_7.jpg'),
(18, 'Trần Khánh Linh', 1, '1998-07-24', '<p style=\"margin-bottom: 24px; color: rgb(22, 22, 22); font-family: &quot;Noto Serif&quot;, serif; font-size: 17px;\">McKayla Maroney là VĐV thể dục dụng cụ tài năng của đoàn thể thao Mỹ. Cô từng giành 1 HCV và 1 HCB ở Olympic 2012. Tuy nhiên, cái giá mà VĐV này phải trả để đổi lấy thành công ấy không hề nhỏ.</p><figure class=\"image align-center img-wrapper\" contenteditable=\"false\" style=\"margin: 24px auto; position: relative; float: none; overflow: hidden; color: rgb(22, 22, 22); font-family: &quot;Noto Serif&quot;, serif; font-size: 17px;\"><img title=\"Nhà vô địch Olympic tiết lộ bí mật động trời của thể thao Mỹ - 1\" src=\"https://icdn.dantri.com.vn/thumb_w/660/2021/08/03/vjlzdkgka5ckdjv7jimpa7lhki-1627977855763.jpg\" alt=\"Nhà vô địch Olympic tiết lộ bí mật động trời của thể thao Mỹ - 1\" data-width=\"800\" data-height=\"524\" data-original=\"https://icdn.dantri.com.vn/2021/08/03/vjlzdkgka5ckdjv7jimpa7lhki-1627977855763.jpg\" data-photo-id=\"1517579\" class=\"pswp-img\" style=\"border-style: none; width: 660px; height: auto; float: left;\"><div class=\"image-instruction-background\" style=\"width: 660px; height: 21px; background-color: rgb(0, 0, 0); left: 0px; opacity: 0; position: absolute; color: rgb(255, 255, 255); top: 0px; transition: opacity 0.13s ease-in-out 0s;\"></div><p class=\"img-instruction\" style=\"margin-bottom: 24px; opacity: 0; position: absolute; color: rgb(255, 255, 255); top: 0px; transition: opacity 0.13s ease-in-out 0s; left: 7px; font-size: 13px; font-family: Arial;\">Nhấn để phóng to ảnh</p><figcaption style=\"background-color: rgb(241, 241, 241); padding: 8px; float: left; width: 660px; position: relative; font-size: 15px; font-family: Arial, sans-serif;\"><p style=\"margin-bottom: 0px; font-size: inherit; font-family: inherit;\">McKayla Maroney từng bị ép thi đấu khi chấn thương và bị bác sĩ lạm dụng tình dục.</p></figcaption></figure><p style=\"margin-bottom: 24px; color: rgb(22, 22, 22); font-family: &quot;Noto Serif&quot;, serif; font-size: 17px;\">Theo tiết lộ của McKayla Maroney, cô từng bị ép thi đấu ở Olympic 2012 ngay cả khi dính chấn thương. Bác sĩ Larry Nassar (người từ bị kết tội lạm dụng tình dục với 150 VĐV, bị kết án 175 năm tù) đã nói dối về tình trạng chấn thương của cô, để ép ra sân thi đấu.</p><p style=\"margin-bottom: 24px; color: rgb(22, 22, 22); font-family: &quot;Noto Serif&quot;, serif; font-size: 17px;\">Ở thời điểm này, McKayla Maroney là thành viên của nhóm tố cáo Larry Nassar. Mới đây, cô đã quyết định vạch trần những góc khuất của làng thể dục dụng cụ Mỹ.</p><p style=\"margin-bottom: 24px; color: rgb(22, 22, 22); font-family: &quot;Noto Serif&quot;, serif; font-size: 17px;\">McKayla Maroney tâm sự trong đoạn video trên trang Instagram cá nhân. Cô nói: \"<em><span style=\"font-weight: 600;\">Việc tôi bị ép thi đấu trong tình trạng chấn thương thực sự là điều mạo hiểm</span>, ảnh hưởng tới cả sự nghiệp thể dục dụng cụ của tôi.</em></p><p style=\"margin-bottom: 24px; color: rgb(22, 22, 22); font-family: &quot;Noto Serif&quot;, serif; font-size: 17px;\"><em>Khoảng 2 tuần trước Olympic 2012, tôi đã bị vỡ mũi và mọi thứ thật tồi tệ. Thậm chí, tôi vẫn còn bị đau ở thời điểm đặt chân xuống London. Thế nhưng, HLV Marta Karolyi không quan tâm tới điều đó.</em></p><p style=\"margin-bottom: 24px; color: rgb(22, 22, 22); font-family: &quot;Noto Serif&quot;, serif; font-size: 17px;\"><em>Tôi nhớ rằng thời điểm đó, tôi không thể tập luyện với xà. Thế nhưng, HLV vẫn bắt tôi đứng dậy và thực hiện ba bài tập. Đó là khi tôi đã bị gãy chân và cảm thấy đau điếng. Tôi đau khủng khiếp và nói với HLV của mình.</em></p><p style=\"margin-bottom: 24px; color: rgb(22, 22, 22); font-family: &quot;Noto Serif&quot;, serif; font-size: 17px;\"><em>Sau đó, bác sĩ Larry Nassar đã nói dối về tình trạng chấn thương của tôi với HLV Marta Karolyi. Ngay sau khi nhận tin rằng, bà ta hét vào mặt tôi: \"Tại sao cứ cố làm ra vẻ nghiêm trọng đến vậy? Đó chỉ là vết thương cũ thôi.</em></p><figure class=\"image align-center img-wrapper\" contenteditable=\"false\" style=\"margin: 24px auto; position: relative; float: none; overflow: hidden; color: rgb(22, 22, 22); font-family: &quot;Noto Serif&quot;, serif; font-size: 17px;\"><img title=\"Nhà vô địch Olympic tiết lộ bí mật động trời của thể thao Mỹ - 2\" src=\"https://icdn.dantri.com.vn/thumb_w/660/2021/08/03/mckaylamaroneyolympicsface-1627977918964.jpg\" alt=\"Nhà vô địch Olympic tiết lộ bí mật động trời của thể thao Mỹ - 2\" data-width=\"1440\" data-height=\"960\" data-original=\"https://icdn.dantri.com.vn/2021/08/03/mckaylamaroneyolympicsface-1627977918964.jpg\" data-photo-id=\"1517582\" class=\"pswp-img\" style=\"border-style: none; width: 660px; height: auto; float: left;\"><div class=\"image-instruction-background\" style=\"width: 660px; height: 21px; background-color: rgb(0, 0, 0); left: 0px; opacity: 0; position: absolute; color: rgb(255, 255, 255); top: 0px; transition: opacity 0.13s ease-in-out 0s;\"></div><p class=\"img-instruction\" style=\"margin-bottom: 24px; opacity: 0; position: absolute; color: rgb(255, 255, 255); top: 0px; transition: opacity 0.13s ease-in-out 0s; left: 7px; font-size: 13px; font-family: Arial;\">Nhấn để phóng to ảnh</p><figcaption style=\"background-color: rgb(241, 241, 241); padding: 8px; float: left; width: 660px; position: relative; font-size: 15px; font-family: Arial, sans-serif;\"><p style=\"margin-bottom: 0px; font-size: inherit; font-family: inherit;\">Để có được huy chương, McKayla Maroney đã phải đánh đổi rất nhiều.</p></figcaption></figure><p style=\"margin-bottom: 24px; color: rgb(22, 22, 22); font-family: &quot;Noto Serif&quot;, serif; font-size: 17px;\"><em>Đó không phải là chấn thương cũ, tôi cảm thấy mình như bị trật khớp, xương như vỡ vụn hoàn toàn. Thế nhưng, chẳng ai mảy may tới điều đó\".</em></p>', 'title/staff/1627985561_10.jpg'),
(19, 'Trần Khánh Linh', 0, '1995-08-29', '<p><br></p>', 'title/staff/1628064224_8.jpg'),
(20, 'Nguyễn Văn Nam', 0, '2000-07-30', '<p><br></p>', 'title/staff/1628068707_13.jpg'),
(21, 'Nguyễn Bảo Vy', 1, '1996-08-05', '<p><br></p>', 'title/staff/1628136353_1.jpg');

-- --------------------------------------------------------

--
-- Cấu trúc bảng cho bảng `staff-cate`
--

CREATE TABLE `staff-cate` (
  `id_staff` int(11) NOT NULL,
  `id_category` int(11) NOT NULL
) ENGINE=InnoDB DEFAULT CHARSET=utf8;

--
-- Đang đổ dữ liệu cho bảng `staff-cate`
--

INSERT INTO `staff-cate` (`id_staff`, `id_category`) VALUES
(16, 4),
(16, 3),
(16, 2),
(1, 1),
(1, 3),
(1, 5),
(13, 6),
(13, 5),
(12, 3),
(12, 2),
(15, 2),
(15, 4),
(15, 5),
(18, 1),
(18, 3),
(18, 5),
(18, 6),
(19, 1),
(19, 3),
(19, 4),
(20, 4),
(20, 5),
(20, 6),
(21, 2),
(21, 3),
(21, 4);

-- --------------------------------------------------------

--
-- Cấu trúc bảng cho bảng `voicher`
--

CREATE TABLE `voicher` (
  `id` int(11) NOT NULL,
  `name` varchar(256) NOT NULL COMMENT 'Tên khuyến mãi',
  `description` text NOT NULL COMMENT 'Nội dung khuyến mãi',
  `image` varchar(256) NOT NULL COMMENT 'Ảnh tiêu đề',
  `start` date NOT NULL COMMENT 'Ngày bắt đầu',
  `end` date NOT NULL COMMENT 'Ngày kết thúc'
) ENGINE=InnoDB DEFAULT CHARSET=utf8;

--
-- Đang đổ dữ liệu cho bảng `voicher`
--

INSERT INTO `voicher` (`id`, `name`, `description`, `image`, `start`, `end`) VALUES
(1, 'Lorem ipsum dolor sit amet consectetur adipisicing elit.', '<p>Lorem ipsum dolor sit amet consectetur adipisicing elit. Corporis rerum dicta alias laboriosam labore iure saepe necessitatibus officiis officia, nisi obcaecati quibusdam nemo dolorum. Necessitatibus quaerat pariatur incidunt iure temporibus.Lorem, ipsum dolor sit amet consectetur adipisicing elit. Atque repudiandae dicta similique repellendus sequi qui labore facere expedita at excepturi quam, eum reiciendis! Perspiciatis, voluptas voluptate. Eos omnis aut et?Lorem, ipsum dolor sit amet consectetur adipisicing elit. Atque repudiandae dicta similique repellendus sequi qui labore facere expedita at excepturi quam, eum reiciendis! Perspiciatis, voluptas voluptate.</p>        <img src=\'views/assets/images/durandal.jpg\'>        <p>Eos omnis aut et?Lorem, ipsum dolor sit amet consectetur adipisicing elit. Atque repudiandae dicta similique repellendus sequi qui labore facere expedita at excepturi quam, eum reiciendis! Perspiciatis, voluptas voluptate.</p> <p>Eos omnis aut et?Lorem, ipsum dolor sit amet consectetur adipisicing elit. Atque repudiandae dicta similique repellendus sequi qui labore facere expedita at excepturi quam, eum reiciendis! Perspiciatis, voluptas voluptate. Eos omnis aut et?Lorem, ipsum dolor sit amet consectetur adipisicing elit. Atque repudiandae dicta similique repellendus sequi qui labore facere expedita at excepturi quam, eum reiciendis! Perspiciatis, voluptas voluptate. Eos omnis aut et?</p>', 'title/voicher/1.jpg', '0000-00-00', '0000-00-00'),
(2, 'Lorem ipsum dolor sit amet consectetur adipisicing elit.', '<p>Lorem ipsum dolor sit amet consectetur adipisicing elit. Corporis rerum dicta alias laboriosam labore iure saepe necessitatibus officiis officia, nisi obcaecati quibusdam nemo dolorum. Necessitatibus quaerat pariatur incidunt iure temporibus.Lorem, ipsum dolor sit amet consectetur adipisicing elit. Atque repudiandae dicta similique repellendus sequi qui labore facere expedita at excepturi quam, eum reiciendis! Perspiciatis, voluptas voluptate. Eos omnis aut et?Lorem, ipsum dolor sit amet consectetur adipisicing elit. Atque repudiandae dicta similique repellendus sequi qui labore facere expedita at excepturi quam, eum reiciendis! Perspiciatis, voluptas voluptate.</p>        <img src=\'views/assets/images/durandal.jpg\'>        <p>Eos omnis aut et?Lorem, ipsum dolor sit amet consectetur adipisicing elit. Atque repudiandae dicta similique repellendus sequi qui labore facere expedita at excepturi quam, eum reiciendis! Perspiciatis, voluptas voluptate.</p> <p>Eos omnis aut et?Lorem, ipsum dolor sit amet consectetur adipisicing elit. Atque repudiandae dicta similique repellendus sequi qui labore facere expedita at excepturi quam, eum reiciendis! Perspiciatis, voluptas voluptate. Eos omnis aut et?Lorem, ipsum dolor sit amet consectetur adipisicing elit. Atque repudiandae dicta similique repellendus sequi qui labore facere expedita at excepturi quam, eum reiciendis! Perspiciatis, voluptas voluptate. Eos omnis aut et?</p>', 'title/voicher/2.jpg', '0000-00-00', '0000-00-00'),
(3, 'Lorem ipsum dolor sit amet consectetur.', '<p>Lorem ipsum dolor sit amet consectetur adipisicing elit. Corporis rerum dicta alias laboriosam labore iure saepe necessitatibus officiis officia, nisi obcaecati quibusdam nemo dolorum. Necessitatibus quaerat pariatur incidunt iure temporibus.Lorem, ipsum dolor sit amet consectetur adipisicing elit. Atque repudiandae dicta similique repellendus sequi qui labore facere expedita at excepturi quam, eum reiciendis! Perspiciatis, voluptas voluptate. Eos omnis aut et?Lorem, ipsum dolor sit amet consectetur adipisicing elit. Atque repudiandae dicta similique repellendus sequi qui labore facere expedita at excepturi quam, eum reiciendis! Perspiciatis, voluptas voluptate.</p>        <img src=\'views/assets/images/durandal.jpg\'>        <p>Eos omnis aut et?Lorem, ipsum dolor sit amet consectetur adipisicing elit. Atque repudiandae dicta similique repellendus sequi qui labore facere expedita at excepturi quam, eum reiciendis! Perspiciatis, voluptas voluptate.</p> <p>Eos omnis aut et?Lorem, ipsum dolor sit amet consectetur adipisicing elit. Atque repudiandae dicta similique repellendus sequi qui labore facere expedita at excepturi quam, eum reiciendis! Perspiciatis, voluptas voluptate. Eos omnis aut et?Lorem, ipsum dolor sit amet consectetur adipisicing elit. Atque repudiandae dicta similique repellendus sequi qui labore facere expedita at excepturi quam, eum reiciendis! Perspiciatis, voluptas voluptate. Eos omnis aut et?</p>', 'title/voicher/3.jpg', '0000-00-00', '0000-00-00'),
(4, 'Lorem ipsum dolor sit amet consectetur.', '<p>Lorem ipsum dolor sit amet consectetur adipisicing elit. Corporis rerum dicta alias laboriosam labore iure saepe necessitatibus officiis officia, nisi obcaecati quibusdam nemo dolorum. Necessitatibus quaerat pariatur incidunt iure temporibus.Lorem, ipsum dolor sit amet consectetur adipisicing elit. Atque repudiandae dicta similique repellendus sequi qui labore facere expedita at excepturi quam, eum reiciendis! Perspiciatis, voluptas voluptate. Eos omnis aut et?Lorem, ipsum dolor sit amet consectetur adipisicing elit. Atque repudiandae dicta similique repellendus sequi qui labore facere expedita at excepturi quam, eum reiciendis! Perspiciatis, voluptas voluptate.</p>        <img src=\'views/assets/images/durandal.jpg\'>        <p>Eos omnis aut et?Lorem, ipsum dolor sit amet consectetur adipisicing elit. Atque repudiandae dicta similique repellendus sequi qui labore facere expedita at excepturi quam, eum reiciendis! Perspiciatis, voluptas voluptate.</p> <p>Eos omnis aut et?Lorem, ipsum dolor sit amet consectetur adipisicing elit. Atque repudiandae dicta similique repellendus sequi qui labore facere expedita at excepturi quam, eum reiciendis! Perspiciatis, voluptas voluptate. Eos omnis aut et?Lorem, ipsum dolor sit amet consectetur adipisicing elit. Atque repudiandae dicta similique repellendus sequi qui labore facere expedita at excepturi quam, eum reiciendis! Perspiciatis, voluptas voluptate. Eos omnis aut et?</p>', 'title/voicher/4.jpg', '0000-00-00', '0000-00-00'),
(5, 'Lorem ipsum dolor sit amet consectetur.', '<p>Lorem ipsum dolor sit amet consectetur adipisicing elit. Corporis rerum dicta alias laboriosam labore iure saepe necessitatibus officiis officia, nisi obcaecati quibusdam nemo dolorum. Necessitatibus quaerat pariatur incidunt iure temporibus.Lorem, ipsum dolor sit amet consectetur adipisicing elit. Atque repudiandae dicta similique repellendus sequi qui labore facere expedita at excepturi quam, eum reiciendis! Perspiciatis, voluptas voluptate. Eos omnis aut et?Lorem, ipsum dolor sit amet consectetur adipisicing elit. Atque repudiandae dicta similique repellendus sequi qui labore facere expedita at excepturi quam, eum reiciendis! Perspiciatis, voluptas voluptate.</p>        <img src=\'views/assets/images/durandal.jpg\'>        <p>Eos omnis aut et?Lorem, ipsum dolor sit amet consectetur adipisicing elit. Atque repudiandae dicta similique repellendus sequi qui labore facere expedita at excepturi quam, eum reiciendis! Perspiciatis, voluptas voluptate.</p> <p>Eos omnis aut et?Lorem, ipsum dolor sit amet consectetur adipisicing elit. Atque repudiandae dicta similique repellendus sequi qui labore facere expedita at excepturi quam, eum reiciendis! Perspiciatis, voluptas voluptate. Eos omnis aut et?Lorem, ipsum dolor sit amet consectetur adipisicing elit. Atque repudiandae dicta similique repellendus sequi qui labore facere expedita at excepturi quam, eum reiciendis! Perspiciatis, voluptas voluptate. Eos omnis aut et?</p>', 'title/voicher/5.jpg', '0000-00-00', '0000-00-00'),
(6, 'Lorem ipsum dolor sit amet consectetur.', '<p>Lorem ipsum dolor sit amet consectetur adipisicing elit. Corporis rerum dicta alias laboriosam labore iure saepe necessitatibus officiis officia, nisi obcaecati quibusdam nemo dolorum. Necessitatibus quaerat pariatur incidunt iure temporibus.Lorem, ipsum dolor sit amet consectetur adipisicing elit. Atque repudiandae dicta similique repellendus sequi qui labore facere expedita at excepturi quam, eum reiciendis! Perspiciatis, voluptas voluptate. Eos omnis aut et?Lorem, ipsum dolor sit amet consectetur adipisicing elit. Atque repudiandae dicta similique repellendus sequi qui labore facere expedita at excepturi quam, eum reiciendis! Perspiciatis, voluptas voluptate.</p>        <img src=\'views/assets/images/durandal.jpg\'>        <p>Eos omnis aut et?Lorem, ipsum dolor sit amet consectetur adipisicing elit. Atque repudiandae dicta similique repellendus sequi qui labore facere expedita at excepturi quam, eum reiciendis! Perspiciatis, voluptas voluptate.</p> <p>Eos omnis aut et?Lorem, ipsum dolor sit amet consectetur adipisicing elit. Atque repudiandae dicta similique repellendus sequi qui labore facere expedita at excepturi quam, eum reiciendis! Perspiciatis, voluptas voluptate. Eos omnis aut et?Lorem, ipsum dolor sit amet consectetur adipisicing elit. Atque repudiandae dicta similique repellendus sequi qui labore facere expedita at excepturi quam, eum reiciendis! Perspiciatis, voluptas voluptate. Eos omnis aut et?</p>', 'title/voicher/6.jpg', '0000-00-00', '0000-00-00'),
(7, 'Lorem ipsum dolor sit amet consectetur.', '<p>Lorem ipsum dolor sit amet consectetur adipisicing elit. Corporis rerum dicta alias laboriosam labore iure saepe necessitatibus officiis officia, nisi obcaecati quibusdam nemo dolorum. Necessitatibus quaerat pariatur incidunt iure temporibus.Lorem, ipsum dolor sit amet consectetur adipisicing elit. Atque repudiandae dicta similique repellendus sequi qui labore facere expedita at excepturi quam, eum reiciendis! Perspiciatis, voluptas voluptate. Eos omnis aut et?Lorem, ipsum dolor sit amet consectetur adipisicing elit. Atque repudiandae dicta similique repellendus sequi qui labore facere expedita at excepturi quam, eum reiciendis! Perspiciatis, voluptas voluptate.</p>        <img src=\'views/assets/images/durandal.jpg\'>        <p>Eos omnis aut et?Lorem, ipsum dolor sit amet consectetur adipisicing elit. Atque repudiandae dicta similique repellendus sequi qui labore facere expedita at excepturi quam, eum reiciendis! Perspiciatis, voluptas voluptate.</p> <p>Eos omnis aut et?Lorem, ipsum dolor sit amet consectetur adipisicing elit. Atque repudiandae dicta similique repellendus sequi qui labore facere expedita at excepturi quam, eum reiciendis! Perspiciatis, voluptas voluptate. Eos omnis aut et?Lorem, ipsum dolor sit amet consectetur adipisicing elit. Atque repudiandae dicta similique repellendus sequi qui labore facere expedita at excepturi quam, eum reiciendis! Perspiciatis, voluptas voluptate. Eos omnis aut et?</p>', 'title/voicher/7.jpg', '0000-00-00', '0000-00-00'),
(8, 'Lorem ipsum dolor sit amet consectetur.', '<p>Lorem ipsum dolor sit amet consectetur adipisicing elit. Corporis rerum dicta alias laboriosam labore iure saepe necessitatibus officiis officia, nisi obcaecati quibusdam nemo dolorum. Necessitatibus quaerat pariatur incidunt iure temporibus.Lorem, ipsum dolor sit amet consectetur adipisicing elit. Atque repudiandae dicta similique repellendus sequi qui labore facere expedita at excepturi quam, eum reiciendis! Perspiciatis, voluptas voluptate. Eos omnis aut et?Lorem, ipsum dolor sit amet consectetur adipisicing elit. Atque repudiandae dicta similique repellendus sequi qui labore facere expedita at excepturi quam, eum reiciendis! Perspiciatis, voluptas voluptate.</p>        <img src=\'views/assets/images/durandal.jpg\'>        <p>Eos omnis aut et?Lorem, ipsum dolor sit amet consectetur adipisicing elit. Atque repudiandae dicta similique repellendus sequi qui labore facere expedita at excepturi quam, eum reiciendis! Perspiciatis, voluptas voluptate.</p> <p>Eos omnis aut et?Lorem, ipsum dolor sit amet consectetur adipisicing elit. Atque repudiandae dicta similique repellendus sequi qui labore facere expedita at excepturi quam, eum reiciendis! Perspiciatis, voluptas voluptate. Eos omnis aut et?Lorem, ipsum dolor sit amet consectetur adipisicing elit. Atque repudiandae dicta similique repellendus sequi qui labore facere expedita at excepturi quam, eum reiciendis! Perspiciatis, voluptas voluptate. Eos omnis aut et?</p>', 'title/voicher/8.jpg', '0000-00-00', '0000-00-00'),
(9, 'Lorem ipsum dolor sit amet consectetur.', '<p>Lorem ipsum dolor sit amet consectetur adipisicing elit. Corporis rerum dicta alias laboriosam labore iure saepe necessitatibus officiis officia, nisi obcaecati quibusdam nemo dolorum. Necessitatibus quaerat pariatur incidunt iure temporibus.Lorem, ipsum dolor sit amet consectetur adipisicing elit. Atque repudiandae dicta similique repellendus sequi qui labore facere expedita at excepturi quam, eum reiciendis! Perspiciatis, voluptas voluptate. Eos omnis aut et?Lorem, ipsum dolor sit amet consectetur adipisicing elit. Atque repudiandae dicta similique repellendus sequi qui labore facere expedita at excepturi quam, eum reiciendis! Perspiciatis, voluptas voluptate.</p>        <img src=\'views/assets/images/durandal.jpg\'>        <p>Eos omnis aut et?Lorem, ipsum dolor sit amet consectetur adipisicing elit. Atque repudiandae dicta similique repellendus sequi qui labore facere expedita at excepturi quam, eum reiciendis! Perspiciatis, voluptas voluptate.</p> <p>Eos omnis aut et?Lorem, ipsum dolor sit amet consectetur adipisicing elit. Atque repudiandae dicta similique repellendus sequi qui labore facere expedita at excepturi quam, eum reiciendis! Perspiciatis, voluptas voluptate. Eos omnis aut et?Lorem, ipsum dolor sit amet consectetur adipisicing elit. Atque repudiandae dicta similique repellendus sequi qui labore facere expedita at excepturi quam, eum reiciendis! Perspiciatis, voluptas voluptate. Eos omnis aut et?</p>', 'title/voicher/9.jpg', '0000-00-00', '0000-00-00'),
(10, 'Lorem ipsum dolor sit amet consectetur.', '<p>Lorem ipsum dolor sit amet consectetur adipisicing elit. Corporis rerum dicta alias laboriosam labore iure saepe necessitatibus officiis officia, nisi obcaecati quibusdam nemo dolorum. Necessitatibus quaerat pariatur incidunt iure temporibus.Lorem, ipsum dolor sit amet consectetur adipisicing elit. Atque repudiandae dicta similique repellendus sequi qui labore facere expedita at excepturi quam, eum reiciendis! Perspiciatis, voluptas voluptate. Eos omnis aut et?Lorem, ipsum dolor sit amet consectetur adipisicing elit. Atque repudiandae dicta similique repellendus sequi qui labore facere expedita at excepturi quam, eum reiciendis! Perspiciatis, voluptas voluptate.</p>        <img src=\'views/assets/images/durandal.jpg\'>        <p>Eos omnis aut et?Lorem, ipsum dolor sit amet consectetur adipisicing elit. Atque repudiandae dicta similique repellendus sequi qui labore facere expedita at excepturi quam, eum reiciendis! Perspiciatis, voluptas voluptate.</p> <p>Eos omnis aut et?Lorem, ipsum dolor sit amet consectetur adipisicing elit. Atque repudiandae dicta similique repellendus sequi qui labore facere expedita at excepturi quam, eum reiciendis! Perspiciatis, voluptas voluptate. Eos omnis aut et?Lorem, ipsum dolor sit amet consectetur adipisicing elit. Atque repudiandae dicta similique repellendus sequi qui labore facere expedita at excepturi quam, eum reiciendis! Perspiciatis, voluptas voluptate. Eos omnis aut et?</p>', 'title/voicher/10.jpg', '0000-00-00', '0000-00-00'),
(11, 'Lorem ipsum dolor sit amet consectetur.', '<p>Lorem ipsum dolor sit amet consectetur adipisicing elit. Corporis rerum dicta alias laboriosam labore iure saepe necessitatibus officiis officia, nisi obcaecati quibusdam nemo dolorum. Necessitatibus quaerat pariatur incidunt iure temporibus.Lorem, ipsum dolor sit amet consectetur adipisicing elit. Atque repudiandae dicta similique repellendus sequi qui labore facere expedita at excepturi quam, eum reiciendis! Perspiciatis, voluptas voluptate. Eos omnis aut et?Lorem, ipsum dolor sit amet consectetur adipisicing elit. Atque repudiandae dicta similique repellendus sequi qui labore facere expedita at excepturi quam, eum reiciendis! Perspiciatis, voluptas voluptate.</p>        <img src=\'views/assets/images/durandal.jpg\'>        <p>Eos omnis aut et?Lorem, ipsum dolor sit amet consectetur adipisicing elit. Atque repudiandae dicta similique repellendus sequi qui labore facere expedita at excepturi quam, eum reiciendis! Perspiciatis, voluptas voluptate.</p> <p>Eos omnis aut et?Lorem, ipsum dolor sit amet consectetur adipisicing elit. Atque repudiandae dicta similique repellendus sequi qui labore facere expedita at excepturi quam, eum reiciendis! Perspiciatis, voluptas voluptate. Eos omnis aut et?Lorem, ipsum dolor sit amet consectetur adipisicing elit. Atque repudiandae dicta similique repellendus sequi qui labore facere expedita at excepturi quam, eum reiciendis! Perspiciatis, voluptas voluptate. Eos omnis aut et?</p>', 'title/voicher/11.jpg', '0000-00-00', '0000-00-00'),
(12, 'Lorem ipsum dolor sit amet consectetur.', '<p>Lorem ipsum dolor sit amet consectetur adipisicing elit. Corporis rerum dicta alias laboriosam labore iure saepe necessitatibus officiis officia, nisi obcaecati quibusdam nemo dolorum. Necessitatibus quaerat pariatur incidunt iure temporibus.Lorem, ipsum dolor sit amet consectetur adipisicing elit. Atque repudiandae dicta similique repellendus sequi qui labore facere expedita at excepturi quam, eum reiciendis! Perspiciatis, voluptas voluptate. Eos omnis aut et?Lorem, ipsum dolor sit amet consectetur adipisicing elit. Atque repudiandae dicta similique repellendus sequi qui labore facere expedita at excepturi quam, eum reiciendis! Perspiciatis, voluptas voluptate.</p>        <img src=\'views/assets/images/durandal.jpg\'>        <p>Eos omnis aut et?Lorem, ipsum dolor sit amet consectetur adipisicing elit. Atque repudiandae dicta similique repellendus sequi qui labore facere expedita at excepturi quam, eum reiciendis! Perspiciatis, voluptas voluptate.</p> <p>Eos omnis aut et?Lorem, ipsum dolor sit amet consectetur adipisicing elit. Atque repudiandae dicta similique repellendus sequi qui labore facere expedita at excepturi quam, eum reiciendis! Perspiciatis, voluptas voluptate. Eos omnis aut et?Lorem, ipsum dolor sit amet consectetur adipisicing elit. Atque repudiandae dicta similique repellendus sequi qui labore facere expedita at excepturi quam, eum reiciendis! Perspiciatis, voluptas voluptate. Eos omnis aut et?</p>', 'title/voicher/12.jpg', '0000-00-00', '0000-00-00'),
(13, 'Lorem ipsum dolor sit amet consectetur.', '<p>Lorem ipsum dolor sit amet consectetur adipisicing elit. Corporis rerum dicta alias laboriosam labore iure saepe necessitatibus officiis officia, nisi obcaecati quibusdam nemo dolorum. Necessitatibus quaerat pariatur incidunt iure temporibus.Lorem, ipsum dolor sit amet consectetur adipisicing elit. Atque repudiandae dicta similique repellendus sequi qui labore facere expedita at excepturi quam, eum reiciendis! Perspiciatis, voluptas voluptate. Eos omnis aut et?Lorem, ipsum dolor sit amet consectetur adipisicing elit. Atque repudiandae dicta similique repellendus sequi qui labore facere expedita at excepturi quam, eum reiciendis! Perspiciatis, voluptas voluptate.</p>        <img src=\'views/assets/images/durandal.jpg\'>        <p>Eos omnis aut et?Lorem, ipsum dolor sit amet consectetur adipisicing elit. Atque repudiandae dicta similique repellendus sequi qui labore facere expedita at excepturi quam, eum reiciendis! Perspiciatis, voluptas voluptate.</p> <p>Eos omnis aut et?Lorem, ipsum dolor sit amet consectetur adipisicing elit. Atque repudiandae dicta similique repellendus sequi qui labore facere expedita at excepturi quam, eum reiciendis! Perspiciatis, voluptas voluptate. Eos omnis aut et?Lorem, ipsum dolor sit amet consectetur adipisicing elit. Atque repudiandae dicta similique repellendus sequi qui labore facere expedita at excepturi quam, eum reiciendis! Perspiciatis, voluptas voluptate. Eos omnis aut et?</p>', 'title/voicher/13.jpg', '0000-00-00', '0000-00-00'),
(14, 'Lorem ipsum dolor sit amet consectetur.', '<p>Lorem ipsum dolor sit amet consectetur adipisicing elit. Corporis rerum dicta alias laboriosam labore iure saepe necessitatibus officiis officia, nisi obcaecati quibusdam nemo dolorum. Necessitatibus quaerat pariatur incidunt iure temporibus.Lorem, ipsum dolor sit amet consectetur adipisicing elit. Atque repudiandae dicta similique repellendus sequi qui labore facere expedita at excepturi quam, eum reiciendis! Perspiciatis, voluptas voluptate. Eos omnis aut et?Lorem, ipsum dolor sit amet consectetur adipisicing elit. Atque repudiandae dicta similique repellendus sequi qui labore facere expedita at excepturi quam, eum reiciendis! Perspiciatis, voluptas voluptate.</p>        <img src=\"views/assets/images/durandal.jpg\">        <p>Eos omnis aut et?Lorem, ipsum dolor sit amet consectetur adipisicing elit. Atque repudiandae dicta similique repellendus sequi qui labore facere expedita at excepturi quam, eum reiciendis! Perspiciatis, voluptas voluptate.</p> <p>Eos omnis aut et?Lorem, ipsum dolor sit amet consectetur adipisicing elit. Atque repudiandae dicta similique repellendus sequi qui labore facere expedita at excepturi quam, eum reiciendis! Perspiciatis, voluptas voluptate. Eos omnis aut et?Lorem, ipsum dolor sit amet consectetur adipisicing elit. Atque repudiandae dicta similique repellendus sequi qui labore facere expedita at excepturi quam, eum reiciendis! Perspiciatis, voluptas voluptate. Eos omnis aut et?</p>', 'title/voicher/14.jpg', '2021-08-20', '2021-09-30'),
(15, 'Lorem ipsum dolor sit amet consectetur.', '<p>Lorem ipsum dolor sit amet consectetur adipisicing elit. Corporis rerum dicta alias laboriosam labore iure saepe necessitatibus officiis officia, nisi obcaecati quibusdam nemo dolorum. Necessitatibus quaerat pariatur incidunt iure temporibus.Lorem, ipsum dolor sit amet consectetur adipisicing elit. Atque repudiandae dicta similique repellendus sequi qui labore facere expedita at excepturi quam, eum reiciendis! Perspiciatis, voluptas voluptate. Eos omnis aut et?Lorem, ipsum dolor sit amet consectetur adipisicing elit. Atque repudiandae dicta similique repellendus sequi qui labore facere expedita at excepturi quam, eum reiciendis! Perspiciatis, voluptas voluptate.</p>        <img src=\'views/assets/images/durandal.jpg\'>        <p>Eos omnis aut et?Lorem, ipsum dolor sit amet consectetur adipisicing elit. Atque repudiandae dicta similique repellendus sequi qui labore facere expedita at excepturi quam, eum reiciendis! Perspiciatis, voluptas voluptate.</p> <p>Eos omnis aut et?Lorem, ipsum dolor sit amet consectetur adipisicing elit. Atque repudiandae dicta similique repellendus sequi qui labore facere expedita at excepturi quam, eum reiciendis! Perspiciatis, voluptas voluptate. Eos omnis aut et?Lorem, ipsum dolor sit amet consectetur adipisicing elit. Atque repudiandae dicta similique repellendus sequi qui labore facere expedita at excepturi quam, eum reiciendis! Perspiciatis, voluptas voluptate. Eos omnis aut et?</p>', 'title/voicher/15.jpg', '0000-00-00', '0000-00-00'),
(16, 'Lorem ipsum dolor sit amet consectetur.', '<p>Lorem ipsum dolor sit amet consectetur adipisicing elit. Corporis rerum dicta alias laboriosam labore iure saepe necessitatibus officiis officia, nisi obcaecati quibusdam nemo dolorum. Necessitatibus quaerat pariatur incidunt iure temporibus.Lorem, ipsum dolor sit amet consectetur adipisicing elit. Atque repudiandae dicta similique repellendus sequi qui labore facere expedita at excepturi quam, eum reiciendis! Perspiciatis, voluptas voluptate. Eos omnis aut et?Lorem, ipsum dolor sit amet consectetur adipisicing elit. Atque repudiandae dicta similique repellendus sequi qui labore facere expedita at excepturi quam, eum reiciendis! Perspiciatis, voluptas voluptate.</p>        <img src=\"views/assets/images/durandal.jpg\">        <p>Eos omnis aut et?Lorem, ipsum dolor sit amet consectetur adipisicing elit. Atque repudiandae dicta similique repellendus sequi qui labore facere expedita at excepturi quam, eum reiciendis! Perspiciatis, voluptas voluptate.</p> <p>Eos omnis aut et?Lorem, ipsum dolor sit amet consectetur adipisicing elit. Atque repudiandae dicta similique repellendus sequi qui labore facere expedita at excepturi quam, eum reiciendis! Perspiciatis, voluptas voluptate. Eos omnis aut et?Lorem, ipsum dolor sit amet consectetur adipisicing elit. Atque repudiandae dicta similique repellendus sequi qui labore facere expedita at excepturi quam, eum reiciendis! Perspiciatis, voluptas voluptate. Eos omnis aut et?</p>', 'title/voicher/16.jpg', '2021-08-05', '2021-08-31'),
(17, 'Lorem ipsum dolor sit amet consectetur.', '<p>Lorem ipsum dolor sit amet consectetur adipisicing elit. Corporis rerum dicta alias laboriosam labore iure saepe necessitatibus officiis officia, nisi obcaecati quibusdam nemo dolorum. Necessitatibus quaerat pariatur incidunt iure temporibus.Lorem, ipsum dolor sit amet consectetur adipisicing elit. Atque repudiandae dicta similique repellendus sequi qui labore facere expedita at excepturi quam, eum reiciendis! Perspiciatis, voluptas voluptate. Eos omnis aut et?Lorem, ipsum dolor sit amet consectetur adipisicing elit. Atque repudiandae dicta similique repellendus sequi qui labore facere expedita at excepturi quam, eum reiciendis! Perspiciatis, voluptas voluptate.</p>        <img src=\'views/assets/images/durandal.jpg\'>        <p>Eos omnis aut et?Lorem, ipsum dolor sit amet consectetur adipisicing elit. Atque repudiandae dicta similique repellendus sequi qui labore facere expedita at excepturi quam, eum reiciendis! Perspiciatis, voluptas voluptate.</p> <p>Eos omnis aut et?Lorem, ipsum dolor sit amet consectetur adipisicing elit. Atque repudiandae dicta similique repellendus sequi qui labore facere expedita at excepturi quam, eum reiciendis! Perspiciatis, voluptas voluptate. Eos omnis aut et?Lorem, ipsum dolor sit amet consectetur adipisicing elit. Atque repudiandae dicta similique repellendus sequi qui labore facere expedita at excepturi quam, eum reiciendis! Perspiciatis, voluptas voluptate. Eos omnis aut et?</p>', 'title/voicher/17.jpg', '0000-00-00', '0000-00-00'),
(18, 'Lorem ipsum dolor sit amet consectetur.', '<p>Lorem ipsum dolor sit amet consectetur adipisicing elit. Corporis rerum dicta alias laboriosam labore iure saepe necessitatibus officiis officia, nisi obcaecati quibusdam nemo dolorum. Necessitatibus quaerat pariatur incidunt iure temporibus.Lorem, ipsum dolor sit amet consectetur adipisicing elit. Atque repudiandae dicta similique repellendus sequi qui labore facere expedita at excepturi quam, eum reiciendis! Perspiciatis, voluptas voluptate. Eos omnis aut et?Lorem, ipsum dolor sit amet consectetur adipisicing elit. Atque repudiandae dicta similique repellendus sequi qui labore facere expedita at excepturi quam, eum reiciendis! Perspiciatis, voluptas voluptate.</p>        <img src=\'views/assets/images/durandal.jpg\'>        <p>Eos omnis aut et?Lorem, ipsum dolor sit amet consectetur adipisicing elit. Atque repudiandae dicta similique repellendus sequi qui labore facere expedita at excepturi quam, eum reiciendis! Perspiciatis, voluptas voluptate.</p> <p>Eos omnis aut et?Lorem, ipsum dolor sit amet consectetur adipisicing elit. Atque repudiandae dicta similique repellendus sequi qui labore facere expedita at excepturi quam, eum reiciendis! Perspiciatis, voluptas voluptate. Eos omnis aut et?Lorem, ipsum dolor sit amet consectetur adipisicing elit. Atque repudiandae dicta similique repellendus sequi qui labore facere expedita at excepturi quam, eum reiciendis! Perspiciatis, voluptas voluptate. Eos omnis aut et?</p>', 'title/voicher/18.jpg', '0000-00-00', '0000-00-00'),
(19, 'Giảm giá 20% khi đi với bạn bè từ 3 người trở lên', '<p style=\"width: 800px; color: rgba(0, 0, 0, 0.9); font-family: &quot;Open Sans&quot;, sans-serif;\">Lorem ipsum dolor sit amet consectetur adipisicing elit. Corporis rerum dicta alias laboriosam labore iure saepe necessitatibus officiis officia, nisi obcaecati quibusdam nemo dolorum. Necessitatibus quaerat pariatur incidunt iure temporibus.Lorem, ipsum dolor sit amet consectetur adipisicing elit. Atque repudiandae dicta similique repellendus sequi qui labore facere expedita at excepturi quam, eum reiciendis! Perspiciatis, voluptas voluptate. Eos omnis aut et?Lorem, ipsum dolor sit amet consectetur adipisicing elit. Atque repudiandae dicta similique repellendus sequi qui labore facere expedita at excepturi quam, eum reiciendis! Perspiciatis, voluptas voluptate.</p><p><img src=\"https://localhost/salon/views/assets/images/durandal.jpg\" style=\"width: 800px; color: rgba(0, 0, 0, 0.9); font-family: &quot;Open Sans&quot;, sans-serif;\"><span style=\"color: rgba(0, 0, 0, 0.9); font-family: &quot;Open Sans&quot;, sans-serif;\"></span></p><p style=\"width: 800px; color: rgba(0, 0, 0, 0.9); font-family: &quot;Open Sans&quot;, sans-serif;\">Eos omnis aut et?Lorem, ipsum dolor sit amet consectetur adipisicing elit. Atque repudiandae dicta similique repellendus sequi qui labore facere expedita at excepturi quam, eum reiciendis! Perspiciatis, voluptas voluptate.</p><p style=\"width: 800px; color: rgba(0, 0, 0, 0.9); font-family: &quot;Open Sans&quot;, sans-serif;\">Eos omnis aut et?Lorem, ipsum dolor sit amet consectetur adipisicing elit. Atque repudiandae dicta similique repellendus sequi qui labore facere expedita at excepturi quam, eum reiciendis! Perspiciatis, voluptas voluptate. Eos omnis aut et?Lorem, ipsum dolor sit amet consectetur adipisicing elit. Atque repudiandae dicta similique repellendus sequi qui labore facere expedita at excepturi quam, eum reiciendis! Perspiciatis, voluptas voluptate. Eos omnis aut et?</p>', 'title/voicher/1627835091_9.jpg', '2021-08-28', '2021-10-31'),
(20, 'Lorem ipsum dolor sit amet consectetur.', '<p style=\"width: 800px; color: rgba(0, 0, 0, 0.9); font-family: &quot;Open Sans&quot;, sans-serif;\">Lorem ipsum dolor sit amet consectetur adipisicing elit. Corporis rerum dicta alias laboriosam labore iure saepe necessitatibus officiis officia, nisi obcaecati quibusdam nemo dolorum. Necessitatibus quaerat pariatur incidunt iure temporibus.Lorem, ipsum dolor sit amet consectetur adipisicing elit. Atque repudiandae dicta similique repellendus sequi qui labore facere expedita at excepturi quam, eum reiciendis! Perspiciatis, voluptas voluptate. Eos omnis aut et?Lorem, ipsum dolor sit amet consectetur adipisicing elit. Atque repudiandae dicta similique repellendus sequi qui labore facere expedita at excepturi quam, eum reiciendis! Perspiciatis, voluptas voluptate.</p><p><img src=\"https://localhost/salon/views/assets/images/durandal.jpg\" style=\"width: 800px; color: rgba(0, 0, 0, 0.9); font-family: &quot;Open Sans&quot;, sans-serif;\"><span style=\"color: rgba(0, 0, 0, 0.9); font-family: &quot;Open Sans&quot;, sans-serif;\"></span></p><p style=\"width: 800px; color: rgba(0, 0, 0, 0.9); font-family: &quot;Open Sans&quot;, sans-serif;\">Eos omnis aut et?Lorem, ipsum dolor sit amet consectetur adipisicing elit. Atque repudiandae dicta similique repellendus sequi qui labore facere expedita at excepturi quam, eum reiciendis! Perspiciatis, voluptas voluptate.</p><p style=\"width: 800px; color: rgba(0, 0, 0, 0.9); font-family: &quot;Open Sans&quot;, sans-serif;\">Eos omnis aut et?Lorem, ipsum dolor sit amet consectetur adipisicing elit. Atque repudiandae dicta similique repellendus sequi qui labore facere expedita at excepturi quam, eum reiciendis! Perspiciatis, voluptas voluptate. Eos omnis aut et?Lorem, ipsum dolor sit amet consectetur adipisicing elit. Atque repudiandae dicta similique repellendus sequi qui labore facere expedita at excepturi quam, eum reiciendis! Perspiciatis, voluptas voluptate. Eos omnis aut et?</p>', 'title/voicher/1627982333_15.jpg', '2021-08-05', '2021-08-31'),
(21, 'Lorem ipsum dolor sit amet consectetur.', '<p><br></p>', 'title/voicher/1628068654_9.jpg', '2021-08-15', '2021-09-05'),
(22, 'Cắt tóc đẹp hihi', '<p>hihi</p>', 'title/voicher/1628138377_9.jpg', '2021-07-29', '2021-08-20');

--
-- Chỉ mục cho các bảng đã đổ
--

--
-- Chỉ mục cho bảng `address`
--
ALTER TABLE `address`
  ADD PRIMARY KEY (`id`);

--
-- Chỉ mục cho bảng `blog`
--
ALTER TABLE `blog`
  ADD PRIMARY KEY (`id`);

--
-- Chỉ mục cho bảng `category`
--
ALTER TABLE `category`
  ADD PRIMARY KEY (`id`);

--
-- Chỉ mục cho bảng `order`
--
ALTER TABLE `order`
  ADD PRIMARY KEY (`id`);

--
-- Chỉ mục cho bảng `service`
--
ALTER TABLE `service`
  ADD PRIMARY KEY (`id`);

--
-- Chỉ mục cho bảng `staff`
--
ALTER TABLE `staff`
  ADD PRIMARY KEY (`id`);

--
-- Chỉ mục cho bảng `voicher`
--
ALTER TABLE `voicher`
  ADD PRIMARY KEY (`id`);

--
-- AUTO_INCREMENT cho các bảng đã đổ
--

--
-- AUTO_INCREMENT cho bảng `address`
--
ALTER TABLE `address`
  MODIFY `id` int(11) NOT NULL AUTO_INCREMENT, AUTO_INCREMENT=4;

--
-- AUTO_INCREMENT cho bảng `blog`
--
ALTER TABLE `blog`
  MODIFY `id` int(11) NOT NULL AUTO_INCREMENT, AUTO_INCREMENT=9;

--
-- AUTO_INCREMENT cho bảng `category`
--
ALTER TABLE `category`
  MODIFY `id` int(11) NOT NULL AUTO_INCREMENT, AUTO_INCREMENT=7;

--
-- AUTO_INCREMENT cho bảng `order`
--
ALTER TABLE `order`
  MODIFY `id` int(11) NOT NULL AUTO_INCREMENT, AUTO_INCREMENT=15;

--
-- AUTO_INCREMENT cho bảng `service`
--
ALTER TABLE `service`
  MODIFY `id` int(11) NOT NULL AUTO_INCREMENT, AUTO_INCREMENT=31;

--
-- AUTO_INCREMENT cho bảng `staff`
--
ALTER TABLE `staff`
  MODIFY `id` int(11) NOT NULL AUTO_INCREMENT, AUTO_INCREMENT=22;

--
-- AUTO_INCREMENT cho bảng `voicher`
--
ALTER TABLE `voicher`
  MODIFY `id` int(11) NOT NULL AUTO_INCREMENT, AUTO_INCREMENT=23;
COMMIT;

/*!40101 SET CHARACTER_SET_CLIENT=@OLD_CHARACTER_SET_CLIENT */;
/*!40101 SET CHARACTER_SET_RESULTS=@OLD_CHARACTER_SET_RESULTS */;
/*!40101 SET COLLATION_CONNECTION=@OLD_COLLATION_CONNECTION */;
